CSX,CSY,IsFixated,State,TimeStamp, ,Result
1247.1663, 412.7309,FALSE,7,43:10.9,,Saccade
840.6305, 170.8591,FALSE,7,43:10.9,,Saccade
1158.6467, 361.3864,FALSE,7,43:10.9,,Saccade
1336.5951, 477.7941,FALSE,7,43:10.9,,Saccade
823.3665, 167.1476,FALSE,7,43:10.9,,Saccade
828.9437, 162.4529,FALSE,7,43:10.9,,Saccade
824.9813, 170.8329,FALSE,7,43:11.0,,Fixation
824.1421, 168.151,FALSE,7,43:11.0,,Fixation
821.9831, 170.7569,FALSE,7,43:11.0,,Fixation
824.5005, 171.2802,TRUE,7,43:11.0,,Fixation
825.8304, 169.6873,TRUE,7,43:11.0,,Fixation
825.3701, 172.5615,TRUE,7,43:11.0,,Fixation
822.4111, 172.1915,TRUE,7,43:11.1,,Fixation
821.188, 171.7267,TRUE,7,43:11.1,,Fixation
741.8846, 356.2759,FALSE,7,43:11.1,,Saccade
746.2458, 332.4619,FALSE,7,43:11.2,,Fixation
752.4894, 330.7013,FALSE,7,43:11.2,,Fixation
747.1378, 329.1545,FALSE,7,43:11.2,,Fixation
746.5626, 326.6205,FALSE,7,43:11.2,,Fixation
746.714, 328.0797,FALSE,7,43:11.3,,Fixation
746.6872, 327.0145,TRUE,7,43:11.3,,Fixation
749.3931, 327.0843,TRUE,7,43:11.3,,Fixation
772.8339, 170.3427,FALSE,7,43:11.3,,Saccade
791.8488, 78.7315,FALSE,7,43:11.3,,Saccade
785.94, 77.4839,FALSE,7,43:11.4,,Saccade
783.3107, 79.332,FALSE,7,43:11.4,,Fixation
786.347, 80.7762,FALSE,7,43:11.4,,Fixation
783.55, 84.7444,FALSE,7,43:11.4,,Fixation
781.8481, 85.116,TRUE,7,43:11.4,,Fixation
782.5799, 81.479,TRUE,7,43:11.4,,Fixation
781.0355, 84.289,TRUE,7,43:11.5,,Fixation
779.2842, 85.4421,TRUE,4,43:11.5,,Fixation
778.7593, 87.5898,TRUE,4,43:11.5,,Fixation
776.7491, 84.6514,TRUE,4,43:11.5,,Fixation
785.0369, 87.2027,TRUE,4,43:11.5,,Fixation
784.5247, 84.8711,TRUE,4,43:11.6,,Fixation
783.2601, 85.7703,TRUE,7,43:11.6,,Fixation
782.4739, 86.0776,TRUE,7,43:11.6,,Fixation
781.0448, 86.952,TRUE,7,43:11.6,,Fixation
779.5867, 87.5212,TRUE,7,43:11.6,,Fixation
778.9158, 85.0593,TRUE,7,43:11.8,,Fixation
778.3821, 86.004,TRUE,7,43:11.9,,Fixation
779.6804, 83.7079,TRUE,4,43:11.9,,Fixation
760.514, 353.9156,FALSE,4,43:12.0,,Saccade
694.2198, 517.1222,FALSE,7,43:12.2,,Saccade
551.6913, 478.9571,FALSE,7,43:12.3,,Saccade
463.8693, 471.098,FALSE,7,43:12.3,,Saccade
419.4635, 467.0851,FALSE,7,43:12.3,,Saccade
396.0789, 456.4803,FALSE,7,43:12.3,,Saccade
297.6664, 444.201,FALSE,7,43:12.3,,Saccade
302.2944, 444.2158,FALSE,7,43:12.4,,Saccade
307.967, 425.0561,FALSE,7,43:12.4,,Saccade
317.1617, 422.0404,FALSE,7,43:12.4,,Saccade
311.9957, 425.626,FALSE,7,43:12.4,,Saccade
321.472, 417.0685,FALSE,4,43:12.9,,Saccade
332.3878, 412.8612,TRUE,4,43:12.9,,Fixation
733.6059, 495.4718,FALSE,4,43:13.0,,Saccade
762.53, 487.4031,FALSE,4,43:13.1,,Saccade
763.17, 486.3667,FALSE,4,43:13.2,,Saccade
762.8776, 490.0032,FALSE,4,43:13.2,,Saccade
787.0154, 490.4816,FALSE,7,43:13.2,,Saccade
801.9392, 490.1453,FALSE,7,43:13.3,,Saccade
810.3333, 494.6353,TRUE,7,43:13.3,,Fixation
813.657, 498.89,TRUE,7,43:13.3,,Fixation
812.4845, 496.0464,TRUE,4,43:13.5,,Fixation
808.3713, 496.7044,TRUE,4,43:13.6,,Fixation
812.5023, 499.8369,TRUE,7,43:13.7,,Fixation
815.8998, 503.3977,TRUE,7,43:13.8,,Fixation
816.5719, 504.1784,TRUE,7,43:13.8,,Fixation
816.8297, 504.8537,TRUE,7,43:13.8,,Fixation
816.922, 504.7767,TRUE,7,43:13.9,,Fixation
817.0282, 506.0912,TRUE,7,43:13.9,,Fixation
817.4272, 508.5496,TRUE,7,43:13.9,,Fixation
816.8539, 509.7759,TRUE,7,43:13.9,,Fixation
818.442, 510.2061,TRUE,7,43:14.0,,Fixation
819.224, 512.7266,TRUE,7,43:14.0,,Fixation
819.1094, 513.5193,TRUE,7,43:14.0,,Fixation
819.5257, 515.1607,TRUE,7,43:14.0,,Fixation
820.2235, 515.4521,TRUE,7,43:14.0,,Fixation
821.2831, 516.4613,TRUE,7,43:14.1,,Fixation
821.9325, 516.2929,TRUE,7,43:14.1,,Fixation
821.2887, 517.4303,TRUE,7,43:14.1,,Fixation
820.3001, 518.4697,TRUE,7,43:14.1,,Fixation
820.4604, 518.3979,TRUE,7,43:14.1,,Fixation
820.7581, 518.6107,TRUE,7,43:14.2,,Fixation
821.595, 519.2901,TRUE,7,43:14.2,,Fixation
820.8781, 520.6274,TRUE,7,43:14.2,,Fixation
821.0029, 521.1309,TRUE,7,43:14.2,,Fixation
820.7127, 521.1973,TRUE,7,43:14.3,,Fixation
820.8969, 522.2906,TRUE,7,43:14.3,,Fixation
821.7645, 520.7287,TRUE,7,43:14.4,,Fixation
822.4506, 521.4849,TRUE,7,43:14.4,,Fixation
821.8448, 521.4477,TRUE,7,43:14.4,,Fixation
822.0994, 521.4372,TRUE,7,43:14.4,,Fixation
823.2886, 521.233,TRUE,7,43:14.5,,Fixation
822.9919, 519.834,TRUE,7,43:14.5,,Fixation
823.5117, 519.9508,TRUE,7,43:14.5,,Fixation
824.0735, 519.3361,TRUE,7,43:14.5,,Fixation
824.5298, 519.4319,TRUE,7,43:14.6,,Fixation
823.8339, 519.9054,TRUE,7,43:14.5,,Fixation
823.9456, 518.861,TRUE,7,43:14.6,,Fixation
824.3193, 519.3105,TRUE,7,43:14.6,,Fixation
824.6409, 519.8286,TRUE,7,43:14.6,,Fixation
824.1808, 519.2957,TRUE,7,43:14.6,,Fixation
824.9702, 519.8043,TRUE,7,43:14.6,,Fixation
825.6411, 520.1587,TRUE,7,43:14.7,,Fixation
825.4679, 521.2561,TRUE,7,43:14.7,,Fixation
825.7717, 521.1364,TRUE,7,43:14.7,,Fixation
826.4062, 521.4819,TRUE,7,43:14.7,,Fixation
826.4571, 522.3373,TRUE,7,43:14.7,,Fixation
830.2758, 523.8839,TRUE,7,43:14.7,,Fixation
832.3844, 524.0399,TRUE,7,43:14.8,,Fixation
835.0109, 524.2052,TRUE,7,43:14.8,,Fixation
839.4288, 523.3855,TRUE,7,43:14.8,,Fixation
836.993, 524.26,TRUE,7,43:14.8,,Fixation
841.1436, 523.5226,TRUE,7,43:14.8,,Fixation
842.8452, 523.9184,TRUE,7,43:14.9,,Fixation
844.3344, 525.1049,TRUE,7,43:14.9,,Fixation
845.6615, 524.0514,TRUE,7,43:14.9,,Fixation
847.4858, 524.3171,TRUE,7,43:14.9,,Fixation
848.9609, 523.9348,TRUE,7,43:14.9,,Fixation
850.8458, 523.4459,TRUE,7,43:15.0,,Fixation
851.7452, 523.2168,TRUE,7,43:15.0,,Fixation
853.8525, 523.2039,TRUE,7,43:15.1,,Fixation
855.0896, 522.2763,TRUE,7,43:15.1,,Fixation
852.319, 522.7453,TRUE,7,43:15.0,,Fixation
856.0411, 522.0479,TRUE,7,43:15.1,,Fixation
856.6493, 521.5165,TRUE,7,43:15.1,,Fixation
857.6619, 520.2692,TRUE,7,43:15.1,,Fixation
846.8102, 518.458,TRUE,7,43:15.2,,Fixation
664.7913, 490.9076,FALSE,7,43:15.2,,Saccade
673.7693, 478.8041,FALSE,7,43:15.2,,Saccade
678.6318, 485.4401,FALSE,7,43:15.2,,Saccade
675.5476, 485.6925,FALSE,7,43:15.3,,Saccade
674.9852, 493.8125,FALSE,7,43:15.3,,Saccade
674.8824, 492.3503,FALSE,7,43:15.3,,Saccade
673.2969, 493.0432,TRUE,7,43:15.3,,Fixation
672.934, 491.0746,TRUE,7,43:15.3,,Fixation
675.7833, 490.2168,TRUE,7,43:15.4,,Fixation
675.7609, 490.0111,TRUE,7,43:15.4,,Fixation
675.5034, 490.394,TRUE,7,43:15.4,,Fixation
675.7863, 491.5498,TRUE,7,43:15.5,,Fixation
675.5673, 491.912,TRUE,7,43:15.5,,Fixation
675.2179, 492.8372,TRUE,7,43:15.5,,Fixation
676.0275, 493.0661,TRUE,7,43:15.5,,Fixation
676.8069, 493.0625,TRUE,7,43:15.5,,Fixation
677.2993, 491.5704,TRUE,7,43:15.5,,Fixation
678.1483, 493.4266,TRUE,7,43:15.6,,Fixation
678.3012, 493.8854,TRUE,7,43:15.6,,Fixation
679.7626, 493.6667,TRUE,7,43:15.6,,Fixation
680.381, 493.7906,TRUE,7,43:15.6,,Fixation
680.4471, 493.69,TRUE,7,43:15.6,,Fixation
680.7133, 494.7883,TRUE,7,43:15.6,,Fixation
681.1334, 495.3449,TRUE,7,43:15.7,,Fixation
681.5479, 495.1386,TRUE,7,43:15.7,,Fixation
682.4508, 495.9432,TRUE,7,43:15.7,,Fixation
682.9038, 496.6087,TRUE,7,43:15.7,,Fixation
683.5332, 497.1006,TRUE,7,43:15.8,,Fixation
683.8636, 496.8221,TRUE,7,43:15.8,,Fixation
684.6741, 496.912,TRUE,7,43:15.8,,Fixation
685.5395, 497.4991,TRUE,7,43:15.8,,Fixation
686.2724, 498.0785,TRUE,7,43:15.8,,Fixation
687.1918, 497.1182,TRUE,7,43:15.8,,Fixation
690.0396, 494.2851,TRUE,7,43:15.9,,Fixation
688.3165, 496.4878,TRUE,7,43:15.9,,Fixation
691.8874, 494.4245,TRUE,7,43:15.9,,Fixation
691.3156, 494.2454,TRUE,7,43:15.9,,Fixation
693.5861, 494.8657,TRUE,7,43:15.9,,Fixation
693.9894, 493.4016,TRUE,7,43:16.0,,Fixation
694.8453, 491.6846,TRUE,7,43:16.0,,Fixation
695.6233, 491.3443,TRUE,7,43:16.0,,Fixation
696.7471, 490.8699,TRUE,7,43:16.0,,Fixation
696.9454, 488.857,TRUE,7,43:16.0,,Fixation
696.971, 489.6744,TRUE,7,43:16.0,,Fixation
697.4056, 489.2343,TRUE,7,43:16.1,,Fixation
697.7263, 487.9598,TRUE,7,43:16.1,,Fixation
698.1289, 486.2485,TRUE,7,43:16.1,,Fixation
698.3279, 486.2031,TRUE,7,43:16.2,,Fixation
697.3023, 485.0403,TRUE,7,43:16.2,,Fixation
697.3606, 484.4596,TRUE,7,43:16.2,,Fixation
698.127, 483.5021,TRUE,7,43:16.2,,Fixation
698.348, 482.8634,TRUE,7,43:16.3,,Fixation
700.0719, 482.0086,TRUE,7,43:16.4,,Fixation
700.6413, 482.2253,TRUE,7,43:16.4,,Fixation
701.2123, 480.633,TRUE,7,43:16.5,,Fixation
701.3822, 480.4752,TRUE,7,43:16.5,,Fixation
701.573, 480.1263,TRUE,7,43:16.5,,Fixation
702.2802, 479.0683,TRUE,7,43:16.5,,Fixation
703.4514, 477.9334,TRUE,7,43:16.6,,Fixation
709.441, 479.2031,TRUE,7,43:16.6,,Fixation
714.8787, 478.9952,TRUE,7,43:16.6,,Fixation
727.9577, 482.2119,TRUE,7,43:16.7,,Fixation
733.7228, 482.4596,TRUE,7,43:16.7,,Fixation
740.2067, 482.2411,TRUE,7,43:16.7,,Fixation
752.9825, 479.5692,TRUE,7,43:16.8,,Fixation
759.2479, 480.3117,TRUE,7,43:16.8,,Fixation
764.1685, 481.4983,TRUE,7,43:16.8,,Fixation
769.8256, 482.6404,TRUE,7,43:16.8,,Fixation
774.993, 483.2933,TRUE,7,43:16.8,,Fixation
780.1229, 483.1876,TRUE,7,43:16.9,,Fixation
785.3978, 482.5203,TRUE,7,43:16.9,,Fixation
789.6103, 483.2739,TRUE,7,43:16.9,,Fixation
794.0627, 483.6544,TRUE,7,43:16.9,,Fixation
798.0847, 483.6093,TRUE,7,43:17.0,,Fixation
800.7395, 484.4106,TRUE,7,43:17.0,,Fixation
803.4397, 483.7795,TRUE,7,43:17.1,,Fixation
805.8085, 484.4574,TRUE,7,43:17.1,,Fixation
807.0939, 485.0813,TRUE,7,43:17.1,,Fixation
809.0902, 485.7318,TRUE,7,43:17.1,,Fixation
811.9843, 486.5992,TRUE,7,43:17.2,,Fixation
813.7168, 487.5024,TRUE,7,43:17.2,,Fixation
815.7756, 488.135,TRUE,7,43:17.2,,Fixation
816.1454, 487.6319,TRUE,7,43:17.2,,Fixation
817.4763, 487.4122,TRUE,7,43:17.2,,Fixation
817.4863, 488.1177,TRUE,7,43:17.3,,Fixation
959.3795, 498.8543,FALSE,7,43:17.3,,Saccade
971.843, 492.8502,FALSE,7,43:17.3,,Saccade
975.4402, 508.3883,FALSE,7,43:17.3,,Saccade
975.7242, 510.9608,FALSE,7,43:17.4,,Saccade
976.8037, 507.5486,FALSE,7,43:17.3,,Saccade
970.2651, 511.486,TRUE,7,43:17.4,,Fixation
967.1511, 513.2958,TRUE,7,43:17.4,,Fixation
967.2302, 512.9947,TRUE,7,43:17.5,,Fixation
968.2118, 511.9182,TRUE,7,43:17.5,,Fixation
968.0399, 512.3088,TRUE,7,43:17.5,,Fixation
965.5327, 512.3173,TRUE,7,43:17.5,,Fixation
965.5905, 512.7451,TRUE,7,43:17.6,,Fixation
965.16, 513.2289,TRUE,7,43:17.7,,Fixation
965.4174, 512.5903,TRUE,7,43:17.7,,Fixation
965.9716, 513.2416,TRUE,7,43:17.7,,Fixation
779.0193, 439.7859,FALSE,7,43:17.9,,Saccade
772.349, 447.9781,FALSE,7,43:17.8,,Saccade
774.5203, 448.549,FALSE,7,43:17.9,,Saccade
777.9006, 461.0266,FALSE,7,43:18.0,,Fixation
778.5187, 461.0679,FALSE,7,43:18.0,,Fixation
780.0197, 458.6519,FALSE,7,43:18.1,,Fixation
778.7488, 456.506,TRUE,7,43:18.1,,Fixation
776.8865, 454.9227,TRUE,7,43:18.1,,Fixation
777.8405, 452.1538,TRUE,7,43:18.1,,Fixation
776.006, 456.2979,TRUE,7,43:18.2,,Fixation
774.5363, 455.5677,TRUE,7,43:18.2,,Fixation
922.2059, 469.168,FALSE,7,43:18.2,,Saccade
915.5703, 492.4422,FALSE,7,43:18.2,,Saccade
929.3171, 491.677,FALSE,7,43:18.2,,Saccade
921.0501, 496.2478,FALSE,7,43:18.3,,Fixation
923.1727, 492.4246,FALSE,7,43:18.3,,Fixation
921.442, 491.7171,TRUE,7,43:18.3,,Fixation
921.507, 490.7189,TRUE,7,43:18.3,,Fixation
920.4534, 493.3821,TRUE,7,43:18.4,,Fixation
920.975, 492.8216,TRUE,7,43:18.4,,Fixation
920.2118, 491.7618,TRUE,7,43:18.4,,Fixation
918.9415, 491.6601,TRUE,7,43:18.4,,Fixation
918.8555, 489.9286,TRUE,7,43:18.5,,Fixation
918.7109, 490.419,TRUE,7,43:18.5,,Fixation
918.2142, 490.5425,TRUE,7,43:18.5,,Fixation
917.6626, 491.7202,TRUE,7,43:18.5,,Fixation
915.7453, 491.5988,TRUE,7,43:18.6,,Fixation
916.5872, 491.8979,TRUE,7,43:18.6,,Fixation
916.7092, 491.1576,TRUE,7,43:18.6,,Fixation
915.7103, 491.3763,TRUE,7,43:18.6,,Fixation
914.3284, 491.8853,TRUE,7,43:18.7,,Fixation
914.1978, 490.5816,TRUE,7,43:18.7,,Fixation
914.4345, 490.1644,TRUE,7,43:18.7,,Fixation
1333.262, 549.2603,FALSE,7,43:18.8,,Saccade
1323.4595, 535.4968,FALSE,7,43:18.8,,Saccade
1323.8458, 530.5458,FALSE,7,43:18.8,,Saccade
1316.048, 533.6304,FALSE,7,43:18.8,,Saccade
1321.345, 538.3818,FALSE,7,43:18.8,,Saccade
1319.9768, 537.6455,FALSE,7,43:18.9,,Saccade
1323.5166, 537.2399,TRUE,7,43:18.9,,Fixation
1321.9874, 536.0678,TRUE,7,43:18.9,,Fixation
1321.2811, 537.2013,TRUE,7,43:18.9,,Fixation
1322.2622, 538.0638,TRUE,7,43:19.0,,Fixation
1323.2944, 538.3729,TRUE,7,43:19.0,,Fixation
1323.3445, 538.7169,TRUE,7,43:19.0,,Fixation
1323.9639, 539.056,TRUE,7,43:19.0,,Fixation
1324.5197, 538.6495,TRUE,7,43:19.1,,Fixation
1324.9122, 538.538,TRUE,7,43:19.1,,Fixation
1325.6188, 539.8113,TRUE,7,43:19.2,,Fixation
1326.9966, 539.4366,TRUE,7,43:19.2,,Fixation
1327.9639, 539.7148,TRUE,7,43:19.3,,Fixation
1328.2888, 539.7739,TRUE,7,43:19.3,,Fixation
1328.2222, 540.1777,TRUE,7,43:19.3,,Fixation
1329.2804, 538.2128,TRUE,7,43:19.4,,Fixation
1328.6356, 537.7386,TRUE,7,43:19.4,,Fixation
1329.3911, 537.0317,TRUE,7,43:19.4,,Fixation
1329.6289, 537.3097,TRUE,7,43:19.4,,Fixation
1329.327, 538.018,TRUE,7,43:19.4,,Fixation
1329.6312, 537.643,TRUE,7,43:19.5,,Fixation
1329.9249, 538.362,TRUE,7,43:19.5,,Fixation
1331.2671, 538.8921,TRUE,7,43:19.5,,Fixation
1330.9629, 539.3552,TRUE,7,43:19.5,,Fixation
1331.1173, 538.6452,TRUE,7,43:19.6,,Fixation
1330.1489, 539.5368,TRUE,7,43:19.6,,Fixation
1330.7075, 540.1522,TRUE,7,43:19.6,,Fixation
1331.0198, 540.3721,TRUE,7,43:19.6,,Fixation
1331.4248, 540.9893,TRUE,7,43:19.6,,Fixation
1331.6023, 539.9984,TRUE,7,43:19.7,,Fixation
1331.7488, 539.1668,TRUE,7,43:19.7,,Fixation
1330.4421, 539.1257,TRUE,7,43:19.7,,Fixation
1330.1144, 539.64,TRUE,7,43:19.7,,Fixation
1329.9392, 539.0712,TRUE,7,43:19.7,,Fixation
1330.8712, 539.0262,TRUE,7,43:19.7,,Fixation
1330.3866, 539.412,TRUE,7,43:19.8,,Fixation
1330.2981, 538.3706,TRUE,7,43:19.8,,Fixation
1329.4855, 537.4362,TRUE,7,43:19.9,,Fixation
1330.4156, 536.9728,TRUE,7,43:19.9,,Fixation
1330.3198, 536.8575,TRUE,7,43:19.9,,Fixation
1331.3894, 535.9439,TRUE,7,43:19.9,,Fixation
1331.6433, 535.4205,TRUE,7,43:20.0,,Fixation
1332.5305, 534.1815,TRUE,7,43:20.0,,Fixation
1332.5876, 533.4711,TRUE,7,43:20.0,,Fixation
1333.6663, 534.1266,TRUE,7,43:20.1,,Fixation
1332.2477, 534.2374,TRUE,7,43:20.0,,Fixation
1469.5089, 537.3604,FALSE,7,43:20.1,,Saccade
1474.7498, 526.9866,FALSE,7,43:20.1,,Saccade
1471.5315, 525.9099,FALSE,7,43:20.2,,Saccade
1470.9091, 523.4828,FALSE,7,43:20.2,,Saccade
1469.3141, 528.5674,FALSE,7,43:20.2,,Fixation
1468.6631, 529.6408,FALSE,7,43:20.3,,Fixation
1467.6512, 528.4124,TRUE,7,43:20.3,,Fixation
1465.7466, 531.7554,TRUE,7,43:20.3,,Fixation
1468.6147, 532.1036,TRUE,7,43:20.3,,Fixation
1468.2032, 534.6833,TRUE,7,43:20.4,,Fixation
1464.9471, 535.5159,TRUE,7,43:20.4,,Fixation
1464.4902, 535.0523,TRUE,7,43:20.4,,Fixation
1462.5627, 535.1573,TRUE,7,43:20.5,,Fixation
1462.3197, 534.7656,TRUE,7,43:20.5,,Fixation
1461.4816, 534.8054,TRUE,7,43:20.5,,Fixation
1459.9215, 534.7243,TRUE,7,43:20.5,,Fixation
1460.7646, 536.3018,TRUE,7,43:20.5,,Fixation
1135.8906, 315.8549,FALSE,4,43:20.6,,Saccade
929.2012, 222.5638,FALSE,4,43:20.6,,Saccade
907.5297, 203.8573,FALSE,7,43:20.7,,Saccade
898.8801, 198.2106,FALSE,7,43:20.7,,Saccade
896.2189, 201.6095,FALSE,7,43:20.8,,Saccade
894.4937, 193.2485,FALSE,7,43:20.8,,Saccade
903.5869, 170.5567,FALSE,7,43:20.8,,Saccade
533.2465, 178.9433,FALSE,7,43:20.9,,Saccade
412.476, 181.4145,FALSE,7,43:20.9,,Saccade
282.0998, 202.4781,FALSE,7,43:21.0,,Saccade
90.6833, 232.8806,FALSE,7,43:21.0,,Saccade
86.6206, 247.2716,FALSE,7,43:21.0,,Saccade
89.232, 244.3782,FALSE,7,43:21.0,,Saccade
85.8496, 230.2165,FALSE,7,43:21.0,,Saccade
84.6845, 227.0361,FALSE,7,43:21.1,,Saccade
87.3401, 228.3461,FALSE,7,43:21.1,,Fixation
89.2732, 225.4075,TRUE,7,43:21.1,,Fixation
90.3467, 226.0681,TRUE,7,43:21.1,,Fixation
92.9576, 227.044,TRUE,7,43:21.1,,Fixation
92.8378, 228.8955,TRUE,7,43:21.2,,Fixation
94.5573, 228.9447,TRUE,7,43:21.2,,Fixation
94.1874, 228.6488,TRUE,7,43:21.2,,Fixation
96.7466, 231.3379,TRUE,7,43:21.3,,Fixation
61.0969, 464.2921,FALSE,7,43:21.3,,Saccade
134.053, 692.0332,FALSE,7,43:21.3,,Saccade
247.3361, 753.1945,FALSE,7,43:21.3,,Saccade
301.316, 791.6445,FALSE,7,43:21.4,,Saccade
314.2939, 796.6904,FALSE,7,43:21.4,,Saccade
370.1171, 828.9023,FALSE,7,43:21.6,,Saccade
497.7995, 802.621,FALSE,4,43:21.6,,Saccade
613.0944, 759.69,FALSE,4,43:21.6,,Saccade
700.3202, 719.3511,FALSE,7,43:21.7,,Saccade
668.5151, 731.4261,FALSE,7,43:21.6,,Saccade
817.8782, 705.7622,FALSE,7,43:21.7,,Saccade
825.1687, 666.4362,FALSE,7,43:21.7,,Saccade
823.4452, 673.0546,FALSE,7,43:21.8,,Saccade
816.3356, 678.8676,FALSE,7,43:21.8,,Saccade
818.8412, 684.9431,FALSE,7,43:21.8,,Saccade
821.801, 692.2642,TRUE,7,43:21.8,,Fixation
836.5915, 669.8937,TRUE,7,43:21.9,,Fixation
843.7967, 661.2183,TRUE,7,43:21.9,,Fixation
847.5753, 647.562,TRUE,7,43:22.0,,Fixation
846.4716, 654.0314,TRUE,7,43:21.9,,Fixation
850.0028, 642.7536,TRUE,7,43:22.0,,Fixation
852.3048, 638.134,TRUE,7,43:22.0,,Fixation
856.1337, 630.3133,TRUE,7,43:22.1,,Fixation
853.807, 633.343,TRUE,7,43:22.1,,Fixation
858.4599, 626.9026,TRUE,7,43:22.1,,Fixation
860.1205, 623.5022,TRUE,7,43:22.1,,Fixation
861.3008, 620.9247,TRUE,7,43:22.1,,Fixation
864.1062, 613.8102,TRUE,7,43:22.2,,Fixation
863.0845, 616.8858,TRUE,7,43:22.2,,Fixation
866.8954, 608.8758,TRUE,7,43:22.2,,Fixation
869.0472, 601.0952,TRUE,7,43:22.2,,Fixation
871.0861, 593.9975,TRUE,7,43:22.3,,Fixation
871.9598, 587.5765,TRUE,7,43:22.3,,Fixation
873.4255, 580.1943,TRUE,7,43:22.3,,Fixation
875.624, 572.7914,TRUE,7,43:22.4,,Fixation
878.7137, 565.3539,TRUE,7,43:22.4,,Fixation
881.9026, 552.3169,TRUE,7,43:22.4,,Fixation
880.105, 559.8846,TRUE,7,43:22.4,,Fixation
881.0537, 498.3768,FALSE,7,43:22.4,,Saccade
898.3781, 504.4722,FALSE,7,43:22.5,,Saccade
893.5671, 505.0049,FALSE,7,43:22.5,,Saccade
888.8502, 500.0494,FALSE,7,43:22.5,,Saccade
893.0151, 499.9371,FALSE,7,43:22.5,,Saccade
889.7623, 498.6919,FALSE,7,43:22.5,,Saccade
892.7045, 500.3298,TRUE,7,43:22.5,,Fixation
895.4817, 499.8819,TRUE,7,43:22.6,,Fixation
910.2429, 492.7949,TRUE,7,43:22.6,,Fixation
922.4949, 484.4274,TRUE,7,43:22.6,,Fixation
935.2671, 476.7411,TRUE,7,43:22.6,,Fixation
945.044, 470.1763,TRUE,7,43:22.7,,Fixation
952.9722, 466.4221,TRUE,7,43:22.7,,Fixation
965.633, 459.931,TRUE,7,43:22.7,,Fixation
971.1273, 455.6626,TRUE,7,43:22.7,,Fixation
980.4005, 447.9749,TRUE,7,43:22.8,,Fixation
976.1572, 451.5592,TRUE,7,43:22.8,,Fixation
985.657, 444.0517,TRUE,7,43:22.9,,Fixation
990.2347, 440.8745,TRUE,7,43:22.9,,Fixation
993.8076, 438.7503,TRUE,7,43:22.9,,Fixation
997.6823, 436.4023,TRUE,7,43:22.9,,Fixation
996.5858, 437.0497,TRUE,7,43:23.0,,Fixation
1000.3851, 433.2159,TRUE,7,43:23.0,,Fixation
863.9648, 604.5169,FALSE,7,43:23.0,,Saccade
786.1575, 691.8613,FALSE,7,43:23.0,,Saccade
783.2939, 698.2906,FALSE,7,43:23.1,,Fixation
780.2627, 700.8641,FALSE,7,43:23.1,,Fixation
778.9571, 701.4426,FALSE,7,43:23.1,,Fixation
778.8213, 699.7712,TRUE,7,43:23.1,,Fixation
779.8687, 697.4368,TRUE,7,43:23.1,,Fixation
777.7153, 698.1627,TRUE,7,43:23.2,,Fixation
777.3734, 700.4641,TRUE,7,43:23.2,,Fixation
776.8248, 700.1366,TRUE,7,43:23.2,,Fixation
777.7457, 701.9645,TRUE,7,43:23.2,,Fixation
777.6248, 702.8609,TRUE,7,43:23.2,,Fixation
778.4866, 702.3951,TRUE,7,43:23.3,,Fixation
779.1281, 701.3262,TRUE,7,43:23.3,,Fixation
779.4084, 701.2751,TRUE,7,43:23.3,,Fixation
778.101, 702.2432,TRUE,7,43:23.3,,Fixation
778.2218, 703.5289,TRUE,7,43:23.3,,Fixation
778.0405, 704.6295,TRUE,7,43:23.4,,Fixation
779.5254, 701.7072,TRUE,7,43:23.4,,Fixation
779.6115, 701.6594,TRUE,7,43:23.4,,Fixation
779.4821, 701.4689,TRUE,7,43:23.5,,Fixation
778.2007, 701.8853,TRUE,7,43:23.5,,Fixation
777.0818, 703.6489,TRUE,7,43:23.5,,Fixation
778.5721, 704.4553,TRUE,7,43:23.6,,Fixation
778.5812, 705.1806,TRUE,7,43:23.6,,Fixation
783.2109, 558.6665,FALSE,7,43:23.6,,Saccade
838.1247, 503.0789,FALSE,7,43:23.7,,Saccade
849.0222, 504.8564,FALSE,7,43:23.6,,Saccade
836.7772, 489.0134,FALSE,7,43:23.7,,Fixation
834.9557, 492.9792,FALSE,7,43:23.7,,Fixation
832.8153, 492.1549,FALSE,7,43:23.7,,Fixation
833.9212, 490.4727,TRUE,7,43:23.7,,Fixation
831.9803, 487.5742,TRUE,7,43:23.8,,Fixation
830.1035, 489.1281,TRUE,7,43:23.8,,Fixation
829.8425, 488.9375,TRUE,7,43:23.8,,Fixation
829.187, 490.7966,TRUE,7,43:23.8,,Fixation
1034.038, 514.2512,FALSE,7,43:23.9,,Saccade
977.9493, 526.6083,FALSE,7,43:23.9,,Saccade
1005.079, 521.5567,FALSE,7,43:23.9,,Fixation
1011.1505, 520.9213,FALSE,7,43:24.0,,Fixation
1012.0195, 523.1371,FALSE,7,43:24.0,,Fixation
1013.3325, 515.3904,TRUE,7,43:24.0,,Fixation
1014.7347, 517.3627,FALSE,7,43:24.0,,Fixation
1012.4974, 515.5029,TRUE,7,43:24.1,,Fixation
1014.1942, 515.4767,TRUE,7,43:24.1,,Fixation
1011.1307, 515.0721,TRUE,7,43:24.1,,Fixation
841.3254, 508.8244,FALSE,7,43:24.1,,Saccade
868.4375, 511.7143,FALSE,7,43:24.2,,Saccade
860.4366, 521.0229,FALSE,7,43:24.2,,Saccade
859.1484, 517.9936,FALSE,7,43:24.2,,Saccade
848.828, 521.0029,FALSE,7,43:24.2,,Fixation
848.5798, 520.1643,TRUE,7,43:24.2,,Fixation
846.2245, 522.1174,TRUE,7,43:24.3,,Fixation
846.5975, 521.1502,TRUE,7,43:24.3,,Fixation
846.9548, 523.1758,TRUE,7,43:24.3,,Fixation
846.9887, 523.7822,TRUE,7,43:24.4,,Fixation
848.7366, 523.308,TRUE,7,43:24.4,,Fixation
846.6687, 524.1821,TRUE,7,43:24.4,,Fixation
846.4153, 524.331,TRUE,7,43:24.4,,Fixation
846.1481, 524.2138,TRUE,7,43:24.4,,Fixation
846.2477, 524.7737,TRUE,7,43:24.4,,Fixation
847.0071, 525.1401,TRUE,7,43:24.5,,Fixation
846.1562, 525.9542,TRUE,7,43:24.5,,Fixation
845.9913, 526.7089,TRUE,7,43:24.5,,Fixation
845.9055, 526.3271,TRUE,7,43:24.5,,Fixation
847.1459, 526.3622,TRUE,7,43:24.6,,Fixation
847.2247, 526.111,TRUE,7,43:24.6,,Fixation
846.5826, 526.197,TRUE,7,43:24.6,,Fixation
847.5457, 526.6617,TRUE,7,43:24.6,,Fixation
847.9575, 526.4105,TRUE,7,43:24.7,,Fixation
848.2959, 526.5239,TRUE,7,43:24.7,,Fixation
849.4344, 525.5754,TRUE,7,43:24.7,,Fixation
849.9296, 525.8152,TRUE,7,43:24.7,,Fixation
850.6987, 526.6758,TRUE,7,43:24.7,,Fixation
851.1116, 526.524,TRUE,7,43:24.8,,Fixation
850.8793, 527.0325,TRUE,7,43:24.8,,Fixation
851.406, 527.676,TRUE,7,43:24.8,,Fixation
852.4684, 527.6793,TRUE,7,43:24.8,,Fixation
851.4141, 525.1592,TRUE,7,43:24.9,,Fixation
852.0974, 525.8276,TRUE,7,43:24.9,,Fixation
851.7672, 526.9018,TRUE,7,43:24.9,,Fixation
851.1408, 527.6078,TRUE,7,43:25.0,,Fixation
851.5198, 527.7518,TRUE,7,43:25.0,,Fixation
851.3529, 526.9673,TRUE,7,43:25.0,,Fixation
851.3687, 527.2228,TRUE,7,43:25.0,,Fixation
849.6172, 527.8341,TRUE,7,43:25.0,,Fixation
848.5369, 526.9265,TRUE,7,43:25.1,,Fixation
847.9158, 526.2606,TRUE,7,43:25.1,,Fixation
848.1516, 524.9738,TRUE,7,43:25.1,,Fixation
848.0336, 525.379,TRUE,7,43:25.1,,Fixation
848.6263, 524.8038,TRUE,7,43:25.2,,Fixation
668.4214, 621.5842,FALSE,7,43:25.2,,Saccade
663.3781, 646.0297,FALSE,7,43:25.3,,Saccade
669.1198, 640.2898,FALSE,7,43:25.3,,Saccade
669.6201, 637.5927,FALSE,7,43:25.3,,Saccade
670.0007, 634.9203,FALSE,7,43:25.4,,Saccade
668.8587, 635.1756,FALSE,7,43:25.4,,Saccade
665.69, 637.874,TRUE,7,43:25.4,,Fixation
666.47, 636.5047,TRUE,7,43:25.4,,Fixation
666.9418, 638.4186,TRUE,7,43:25.4,,Fixation
661.6176, 641.6103,TRUE,7,43:25.5,,Fixation
650.5469, 649.0966,TRUE,7,43:25.7,,Fixation
634.8038, 658.1333,TRUE,7,43:25.8,,Fixation
628.9182, 662.4839,TRUE,7,43:25.8,,Fixation
622.4197, 666.8854,TRUE,7,43:25.8,,Fixation
617.6133, 670.1191,TRUE,7,43:25.9,,Fixation
613.7385, 673.376,TRUE,7,43:25.9,,Fixation
610.3951, 676.6992,TRUE,7,43:25.9,,Fixation
605.9535, 678.3129,TRUE,7,43:25.9,,Fixation
604.551, 680.5539,TRUE,4,43:25.9,,Fixation
612.4764, 681.9128,TRUE,4,43:26.0,,Fixation
618.536, 682.3724,TRUE,7,43:26.0,,Fixation
625.8458, 682.5579,TRUE,7,43:26.1,,Fixation
637.1266, 683.3293,TRUE,7,43:26.1,,Fixation
648.0353, 684.2577,TRUE,7,43:26.2,,Fixation
653.7557, 684.394,TRUE,7,43:26.2,,Fixation
658.7491, 685.0412,TRUE,7,43:26.3,,Fixation
663.7148, 685.9264,TRUE,7,43:26.3,,Fixation
668.7471, 685.8057,TRUE,7,43:26.3,,Fixation
678.0316, 686.4992,TRUE,7,43:26.3,,Fixation
682.0275, 686.0264,TRUE,7,43:26.3,,Fixation
686.2858, 686.0456,TRUE,7,43:26.4,,Fixation
692.1008, 685.7772,TRUE,7,43:26.4,,Fixation
696.4889, 685.2486,TRUE,7,43:26.4,,Fixation
704.6771, 684.2044,TRUE,7,43:26.4,,Fixation
700.1316, 685.0205,TRUE,7,43:26.4,,Fixation
709.3685, 682.7917,TRUE,7,43:26.5,,Fixation
713.2916, 681.4496,TRUE,7,43:26.5,,Fixation
721.7977, 668.3286,FALSE,7,43:26.5,,Saccade
717.4309, 687.352,FALSE,7,43:26.5,,Saccade
724.1796, 665.8437,FALSE,7,43:26.5,,Saccade
732.3656, 667.0255,FALSE,7,43:26.6,,Saccade
731.648, 667.8965,FALSE,7,43:26.6,,Saccade
733.2387, 665.2491,FALSE,7,43:26.6,,Saccade
731.9807, 665.4174,TRUE,7,43:26.6,,Fixation
731.465, 664.0927,TRUE,7,43:26.6,,Fixation
730.6948, 662.7101,TRUE,7,43:26.7,,Fixation
729.5641, 661.3081,TRUE,7,43:26.7,,Fixation
730.0364, 660.7026,TRUE,7,43:26.7,,Fixation
731.0839, 659.7441,TRUE,7,43:26.7,,Fixation
732.2725, 660.476,TRUE,7,43:26.8,,Fixation
731.888, 659.5061,TRUE,7,43:26.8,,Fixation
732.1733, 658.9177,TRUE,7,43:26.8,,Fixation
731.1809, 657.9301,TRUE,7,43:26.8,,Fixation
730.9471, 658.858,TRUE,7,43:26.8,,Fixation
732.7448, 658.5787,TRUE,7,43:26.9,,Fixation
731.853, 658.0173,TRUE,7,43:26.9,,Fixation
731.8666, 656.2975,TRUE,7,43:26.9,,Fixation
730.8549, 655.5087,TRUE,7,43:26.9,,Fixation
731.2495, 654.5563,TRUE,7,43:27.0,,Fixation
732.4946, 654.6499,TRUE,7,43:27.0,,Fixation
734.2648, 651.5573,TRUE,7,43:27.0,,Fixation
737.7966, 646.288,TRUE,7,43:27.0,,Fixation
740.17, 642.8356,TRUE,7,43:27.0,,Fixation
745.9431, 634.71,TRUE,7,43:27.1,,Fixation
749.034, 630.6711,TRUE,7,43:27.1,,Fixation
755.1586, 621.4052,TRUE,7,43:27.1,,Fixation
756.982, 617.63,TRUE,7,43:27.1,,Fixation
762.4419, 610.0357,TRUE,7,43:27.2,,Fixation
764.333, 606.4832,TRUE,7,43:27.2,,Fixation
766.2103, 603.2573,TRUE,7,43:27.2,,Fixation
767.4252, 600.9835,TRUE,7,43:27.2,,Fixation
770.3324, 597.9471,TRUE,7,43:27.2,,Fixation
774.3205, 591.2425,TRUE,7,43:27.3,,Fixation
774.9102, 588.9243,TRUE,7,43:27.3,,Fixation
776.7938, 586.2533,TRUE,7,43:27.3,,Fixation
778.9721, 582.6366,TRUE,7,43:27.4,,Fixation
778.3118, 584.856,TRUE,7,43:27.4,,Fixation
781.5474, 578.9415,TRUE,7,43:27.5,,Fixation
782.3237, 577.085,TRUE,7,43:27.5,,Fixation
784.397, 575.9244,TRUE,7,43:27.5,,Fixation
786.7556, 571.2552,TRUE,7,43:27.6,,Fixation
787.4606, 569.8031,TRUE,7,43:27.6,,Fixation
967.7825, 537.7082,FALSE,7,43:27.6,,Saccade
788.7244, 569.1926,TRUE,7,43:27.6,,Fixation
969.5338, 530.4475,FALSE,7,43:27.6,,Saccade
978.3576, 537.1161,FALSE,7,43:27.7,,Saccade
979.9495, 540.7449,FALSE,7,43:27.7,,Saccade
984.4222, 542.4916,FALSE,7,43:27.7,,Fixation
986.9155, 537.788,FALSE,7,43:27.7,,Fixation
987.0979, 540.6688,TRUE,7,43:27.7,,Fixation
987.8918, 536.9977,TRUE,7,43:27.8,,Fixation
987.9629, 536.2616,TRUE,7,43:27.8,,Fixation
990.3082, 536.2117,TRUE,7,43:27.9,,Fixation
991.4479, 535.0845,TRUE,7,43:27.9,,Fixation
988.9514, 536.5865,TRUE,7,43:27.9,,Fixation
990.8364, 536.0094,TRUE,7,43:27.9,,Fixation
987.4662, 536.1177,TRUE,7,43:27.9,,Fixation
808.6331, 441.1207,FALSE,7,43:28.0,,Saccade
768.5035, 456.3618,FALSE,7,43:28.0,,Saccade
767.0203, 446.324,FALSE,7,43:28.0,,Saccade
767.056, 441.4967,FALSE,7,43:28.0,,Saccade
766.5124, 443.1084,FALSE,7,43:28.0,,Saccade
764.008, 446.7985,TRUE,7,43:28.1,,Fixation
763.561, 444.1467,TRUE,7,43:28.1,,Fixation
762.605, 444.4975,TRUE,7,43:28.1,,Fixation
761.3855, 445.5606,TRUE,7,43:28.2,,Fixation
763.5974, 444.2605,TRUE,7,43:28.2,,Fixation
764.2311, 444.5522,TRUE,7,43:28.2,,Fixation
765.1403, 443.4006,TRUE,7,43:28.3,,Fixation
766.0785, 441.7057,TRUE,7,43:28.3,,Fixation
767.2639, 441.6998,TRUE,7,43:28.4,,Fixation
769.0674, 441.8563,TRUE,7,43:28.4,,Fixation
769.9395, 441.9365,TRUE,7,43:28.4,,Fixation
772.3157, 440.3768,TRUE,7,43:28.4,,Fixation
772.5959, 440.0545,TRUE,7,43:28.5,,Fixation
772.8308, 438.9005,TRUE,7,43:28.5,,Fixation
772.6328, 440.1878,TRUE,7,43:28.5,,Fixation
773.9755, 438.5491,TRUE,7,43:28.5,,Fixation
774.4875, 439.4011,TRUE,7,43:28.5,,Fixation
774.7351, 439.7924,TRUE,7,43:28.5,,Fixation
775.9796, 439.2612,TRUE,7,43:28.6,,Fixation
775.1361, 437.795,TRUE,7,43:28.6,,Fixation
775.734, 437.4481,TRUE,7,43:28.6,,Fixation
776.5775, 437.8002,TRUE,7,43:28.6,,Fixation
775.1274, 437.9,TRUE,7,43:28.7,,Fixation
775.7053, 437.053,TRUE,7,43:28.7,,Fixation
776.2054, 438.7852,TRUE,7,43:28.7,,Fixation
776.2874, 437.6761,TRUE,7,43:28.7,,Fixation
776.366, 438.8533,TRUE,7,43:28.8,,Fixation
776.8693, 438.7198,TRUE,7,43:28.8,,Fixation
776.6561, 438.3619,TRUE,7,43:28.9,,Fixation
775.9132, 439.4922,TRUE,7,43:28.9,,Fixation
777.2329, 437.6286,TRUE,7,43:28.9,,Fixation
778.7208, 438.419,TRUE,7,43:28.9,,Fixation
779.0124, 439.4497,TRUE,7,43:28.9,,Fixation
779.4316, 440.0647,TRUE,7,43:28.9,,Fixation
778.9953, 440.1252,TRUE,7,43:29.0,,Fixation
779.3918, 441.1712,TRUE,7,43:29.0,,Fixation
779.6189, 441.7599,TRUE,7,43:29.0,,Fixation
779.7896, 442.6142,TRUE,7,43:29.1,,Fixation
780.7392, 444.2485,TRUE,7,43:29.1,,Fixation
780.7568, 444.7419,TRUE,7,43:29.1,,Fixation
780.2595, 445.1669,TRUE,7,43:29.1,,Fixation
780.7385, 446.1953,TRUE,7,43:29.1,,Fixation
780.6177, 447.17,TRUE,7,43:29.2,,Fixation
780.2549, 447.8046,TRUE,7,43:29.2,,Fixation
779.7379, 447.8457,TRUE,7,43:29.2,,Fixation
779.04, 448.147,TRUE,7,43:29.3,,Fixation
779.124, 449.5626,TRUE,7,43:29.3,,Fixation
779.0778, 448.7048,TRUE,7,43:29.3,,Fixation
778.1673, 450.929,TRUE,7,43:29.3,,Fixation
779.058, 449.6016,TRUE,7,43:29.3,,Fixation
777.7464, 451.4307,TRUE,7,43:29.3,,Fixation
777.7234, 451.6037,TRUE,7,43:29.4,,Fixation
779.4206, 450.2485,TRUE,7,43:29.4,,Fixation
778.7248, 450.9917,TRUE,7,43:29.4,,Fixation
778.071, 451.567,TRUE,7,43:29.5,,Fixation
776.5776, 451.5345,TRUE,7,43:29.5,,Fixation
775.899, 452.1351,TRUE,7,43:29.5,,Fixation
774.8239, 450.6264,TRUE,7,43:29.5,,Fixation
774.618, 449.2491,TRUE,7,43:29.6,,Fixation
773.0397, 450.0349,TRUE,7,43:29.6,,Fixation
772.2942, 449.8772,TRUE,7,43:29.6,,Fixation
772.0313, 451.2411,TRUE,7,43:29.6,,Fixation
772.4876, 449.5401,TRUE,7,43:29.7,,Fixation
771.8821, 450.2348,TRUE,7,43:29.7,,Fixation
772.4557, 450.6049,TRUE,7,43:29.7,,Fixation
771.1671, 451.3057,TRUE,7,43:29.7,,Fixation
770.5535, 452.7237,TRUE,7,43:29.7,,Fixation
770.0695, 452.3899,TRUE,7,43:29.8,,Fixation
769.1747, 452.8479,TRUE,7,43:29.8,,Fixation
770.8674, 452.4489,TRUE,7,43:29.8,,Fixation
769.1779, 451.5283,TRUE,7,43:29.8,,Fixation
775.9527, 454.5294,TRUE,7,43:29.8,,Fixation
780.912, 455.8349,TRUE,7,43:29.9,,Fixation
789.8363, 457.0622,TRUE,7,43:29.9,,Fixation
786.0497, 456.2779,TRUE,7,43:29.9,,Fixation
793.1908, 458.4907,TRUE,7,43:29.9,,Fixation
797.5965, 459.0428,TRUE,7,43:29.9,,Fixation
801.1966, 460.4547,TRUE,7,43:29.9,,Fixation
804.9718, 461.6125,TRUE,7,43:30.0,,Fixation
808.6786, 463.1782,TRUE,7,43:30.0,,Fixation
812.5865, 465.8562,TRUE,7,43:30.0,,Fixation
815.2646, 467.3625,TRUE,7,43:30.0,,Fixation
817.7012, 468.5938,TRUE,7,43:30.1,,Fixation
820.6255, 470.1976,TRUE,7,43:30.1,,Fixation
823.4562, 471.2018,TRUE,7,43:30.1,,Fixation
830.64, 473.976,TRUE,7,43:30.2,,Fixation
828.4976, 472.6339,TRUE,7,43:30.2,,Fixation
831.5989, 475.0745,TRUE,7,43:30.2,,Fixation
639.4798, 542.8264,FALSE,7,43:30.2,,Saccade
647.0691, 563.3039,FALSE,7,43:30.3,,Saccade
636.8457, 552.1611,FALSE,7,43:30.3,,Saccade
636.7155, 549.2485,FALSE,7,43:30.3,,Saccade
635.3766, 554.4412,FALSE,7,43:30.3,,Fixation
633.5655, 557.0726,FALSE,7,43:30.3,,Fixation
630.5954, 555.8143,TRUE,7,43:30.4,,Fixation
630.6303, 555.5956,TRUE,7,43:30.4,,Fixation
631.9527, 556.9427,TRUE,7,43:30.4,,Fixation
631.2327, 558.9286,TRUE,7,43:30.4,,Fixation
629.8643, 559.6074,TRUE,7,43:30.4,,Fixation
628.5771, 557.6439,TRUE,7,43:30.4,,Fixation
627.9778, 558.0247,TRUE,7,43:30.5,,Fixation
628.3798, 560.5601,TRUE,7,43:30.5,,Fixation
626.7137, 562.2418,TRUE,7,43:30.5,,Fixation
626.5751, 562.7219,TRUE,7,43:30.5,,Fixation
628.7304, 563.0187,TRUE,7,43:30.5,,Fixation
847.5076, 523.1602,FALSE,7,43:30.6,,Saccade
638.1634, 560.6107,TRUE,7,43:30.5,,Fixation
814.5367, 530.5059,FALSE,7,43:30.6,,Saccade
810.4114, 532.1335,FALSE,7,43:30.6,,Saccade
809.5251, 532.0842,FALSE,7,43:30.6,,Saccade
813.3137, 535.1574,FALSE,7,43:30.6,,Saccade
815.033, 535.2075,FALSE,7,43:30.7,,Saccade
816.689, 536.7686,TRUE,7,43:30.7,,Fixation
817.4129, 533.2739,TRUE,7,43:30.7,,Fixation
817.8964, 532.0126,TRUE,7,43:30.7,,Fixation
818.1391, 531.261,TRUE,7,43:30.7,,Fixation
817.5716, 532.6276,TRUE,7,43:30.7,,Fixation
817.8076, 533.2752,TRUE,7,43:30.8,,Fixation
817.2863, 532.6196,TRUE,7,43:30.8,,Fixation
818.24, 532.4915,TRUE,7,43:30.8,,Fixation
819.2679, 531.3802,TRUE,7,43:30.8,,Fixation
819.2301, 530.8479,TRUE,7,43:30.8,,Fixation
818.4476, 531.7084,TRUE,7,43:30.8,,Fixation
818.5, 530.7781,TRUE,7,43:30.9,,Fixation
819.1107, 530.5667,TRUE,7,43:31.0,,Fixation
818.2629, 530.6423,TRUE,7,43:31.0,,Fixation
818.6711, 530.444,TRUE,7,43:31.1,,Fixation
819.0351, 529.8732,TRUE,7,43:31.1,,Fixation
826.7517, 529.5047,TRUE,4,43:31.4,,Fixation
827.4448, 528.1694,TRUE,7,43:31.4,,Fixation
829.5837, 524.3562,TRUE,7,43:31.5,,Fixation
830.9979, 519.1218,TRUE,7,43:31.6,,Fixation
835.1168, 514.2814,TRUE,7,43:31.6,,Fixation
833.6027, 514.7753,TRUE,7,43:31.6,,Fixation
835.7657, 512.156,TRUE,7,43:31.6,,Fixation
835.3044, 510.6589,TRUE,7,43:31.6,,Fixation
835.7041, 509.0908,TRUE,7,43:31.7,,Fixation
836.3203, 507.8354,TRUE,7,43:31.7,,Fixation
836.4077, 506.227,TRUE,7,43:31.7,,Fixation
836.6895, 506.224,TRUE,7,43:31.7,,Fixation
837.0143, 505.4491,TRUE,7,43:31.8,,Fixation
835.9354, 502.6894,TRUE,7,43:31.8,,Fixation
835.6025, 500.9507,TRUE,7,43:31.8,,Fixation
836.2834, 498.7115,TRUE,7,43:31.9,,Fixation
835.7349, 501.4694,TRUE,7,43:31.9,,Fixation
836.018, 498.7228,TRUE,7,43:31.9,,Fixation
828.1517, 496.2699,TRUE,7,43:32.0,,Fixation
833.0912, 498.5208,TRUE,7,43:32.0,,Fixation
824.0036, 495.1233,TRUE,7,43:32.0,,Fixation
817.0956, 494.4291,TRUE,7,43:32.0,,Fixation
811.9159, 494.5708,TRUE,7,43:32.0,,Fixation
747.099, 483.0544,FALSE,7,43:32.1,,Saccade
749.6031, 482.0513,FALSE,7,43:32.1,,Saccade
746.3547, 489.4508,FALSE,7,43:32.2,,Saccade
752.2286, 498.8099,FALSE,7,43:32.2,,Saccade
755.9208, 534.4509,FALSE,7,43:32.3,,Saccade
697.7229, 786.1653,FALSE,7,43:32.3,,Saccade
749.9893, 832.2149,FALSE,7,43:32.3,,Saccade
746.6291, 835.6359,FALSE,7,43:32.4,,Saccade
746.0048, 832.2335,FALSE,7,43:32.4,,Saccade
744.3483, 831.7271,FALSE,7,43:32.4,,Saccade
743.0626, 557.9668,FALSE,7,43:32.5,,Saccade
743.2231, 341.4943,FALSE,7,43:32.5,,Saccade
743.1024, 328.3931,FALSE,7,43:32.5,,Saccade
744.1978, 312.9722,FALSE,7,43:32.5,,Saccade
742.0163, 309.7721,FALSE,7,43:32.6,,Saccade
742.5308, 305.8263,FALSE,7,43:32.6,,Saccade
730.9741, 280.0791,FALSE,7,43:32.7,,Saccade
736.7503, 297.9148,FALSE,7,43:32.8,,Fixation
740.5109, 294.829,FALSE,7,43:32.7,,Fixation
733.3807, 301.0015,FALSE,7,43:32.8,,Fixation
733.8398, 299.6664,FALSE,7,43:32.8,,Fixation
737.0215, 296.7711,TRUE,7,43:32.9,,Fixation
736.6461, 293.8985,TRUE,7,43:32.9,,Fixation
737.1139, 294.0629,TRUE,7,43:32.9,,Fixation
735.8583, 295.8551,TRUE,7,43:32.9,,Fixation
581.2109, 437.283,FALSE,7,43:32.9,,Saccade
489.0682, 582.8467,FALSE,7,43:33.0,,Saccade
481.0197, 625.951,FALSE,7,43:33.0,,Saccade
473.0345, 650.8951,FALSE,7,43:33.0,,Saccade
476.5155, 637.4034,FALSE,7,43:33.0,,Saccade
460.1644, 696.6813,FALSE,7,43:33.0,,Saccade
466.2094, 686.2369,FALSE,7,43:33.1,,Saccade
463.7536, 694.1539,FALSE,7,43:33.1,,Saccade
470.601, 686.8353,FALSE,7,43:33.1,,Saccade
473.7674, 687.0316,FALSE,7,43:33.1,,Saccade
473.9541, 688.9639,TRUE,7,43:33.2,,Fixation
474.0013, 687.9308,TRUE,7,43:33.2,,Fixation
474.5514, 681.6226,TRUE,7,43:33.2,,Fixation
472.8571, 675.7109,TRUE,7,43:33.2,,Fixation
473.3751, 666.6204,TRUE,7,43:33.3,,Fixation
474.8616, 663.7264,TRUE,7,43:33.4,,Fixation
475.0265, 660.4103,TRUE,7,43:33.4,,Fixation
476.9349, 655.4474,TRUE,7,43:33.4,,Fixation
476.6389, 654.6409,TRUE,7,43:33.4,,Fixation
476.7697, 653.3109,TRUE,7,43:33.4,,Fixation
476.4359, 650.8414,TRUE,7,43:33.5,,Fixation
476.3801, 652.1743,TRUE,7,43:33.5,,Fixation
326.1199, 456.4001,FALSE,7,43:33.5,,Saccade
337.2362, 454.0364,FALSE,7,43:33.5,,Saccade
333.6017, 470.073,FALSE,7,43:33.6,,Saccade
336.7834, 476.5186,TRUE,7,43:33.7,,Fixation
337.2226, 475.7406,TRUE,7,43:33.7,,Fixation
335.7922, 478.3059,TRUE,7,43:33.7,,Fixation
328.1029, 477.6286,TRUE,7,43:33.7,,Fixation
316.075, 472.0163,TRUE,7,43:33.7,,Fixation
173.0588, 435.8978,FALSE,7,43:33.8,,Saccade
180.2939, 419.2546,FALSE,7,43:33.8,,Saccade
181.9625, 417.9391,FALSE,7,43:33.8,,Saccade
184.027, 410.9225,FALSE,7,43:33.8,,Saccade
182.6768, 417.6803,FALSE,7,43:33.9,,Saccade
178.3392, 417.2757,FALSE,7,43:33.9,,Fixation
176.3976, 415.6297,TRUE,7,43:33.9,,Fixation
178.1723, 412.8004,TRUE,7,43:34.0,,Fixation
177.3308, 412.5644,TRUE,7,43:34.0,,Fixation
178.6481, 415.5782,TRUE,7,43:34.0,,Fixation
178.6998, 414.7458,TRUE,7,43:34.0,,Fixation
176.7635, 413.9712,TRUE,7,43:34.0,,Fixation
176.8309, 415.6181,TRUE,7,43:34.0,,Fixation
177.1552, 417.3203,TRUE,7,43:34.1,,Fixation
176.7824, 416.7996,TRUE,7,43:34.1,,Fixation
176.1684, 417.7017,TRUE,7,43:34.1,,Fixation
175.5332, 417.2237,TRUE,7,43:34.1,,Fixation
174.3271, 416.3705,TRUE,7,43:34.1,,Fixation
173.8124, 415.1444,TRUE,7,43:34.2,,Fixation
172.9776, 413.1823,TRUE,7,43:34.2,,Fixation
173.0893, 411.0507,TRUE,7,43:34.2,,Fixation
172.3891, 411.9561,TRUE,7,43:34.2,,Fixation
336.0725, 413.433,FALSE,7,43:34.3,,Saccade
684.4899, 445.2915,FALSE,7,43:34.3,,Saccade
836.8035, 448.7118,FALSE,7,43:34.3,,Saccade
957.1358, 460.1211,FALSE,7,43:34.3,,Saccade
1033.9628, 463.6468,FALSE,7,43:34.3,,Saccade
1078.4015, 470.0833,FALSE,7,43:34.4,,Saccade
1242.2006, 486.4478,FALSE,7,43:34.4,,Saccade
1256.0947, 497.8134,FALSE,7,43:34.4,,Saccade
1249.1388, 492.1234,FALSE,7,43:34.4,,Saccade
1249.7986, 490.3199,FALSE,7,43:34.4,,Saccade
1251.5765, 490.8224,FALSE,7,43:34.4,,Fixation
1256.2571, 492.0773,TRUE,7,43:34.5,,Fixation
1259.062, 492.1091,TRUE,7,43:34.5,,Fixation
1260.073, 493.5992,TRUE,7,43:34.6,,Fixation
1259.2471, 492.5638,TRUE,7,43:34.6,,Fixation
1260.6155, 490.0428,TRUE,7,43:34.6,,Fixation
1259.5032, 490.2884,TRUE,7,43:34.6,,Fixation
1258.9087, 490.8908,TRUE,7,43:34.6,,Fixation
1258.1716, 489.8586,TRUE,7,43:34.7,,Fixation
1257.9447, 488.8023,TRUE,7,43:34.7,,Fixation
1257.751, 489.774,TRUE,7,43:34.7,,Fixation
1258.5919, 490.7548,TRUE,7,43:34.7,,Fixation
1258.9318, 491.1377,TRUE,7,43:34.7,,Fixation
1258.9329, 488.7215,TRUE,7,43:34.8,,Fixation
1258.965, 489.0698,TRUE,7,43:34.8,,Fixation
1432.8929, 678.2128,FALSE,7,43:34.8,,Saccade
1405.9338, 698.3987,FALSE,7,43:34.9,,Fixation
1403.0752, 699.7051,FALSE,7,43:34.9,,Fixation
1404.2158, 701.7036,FALSE,7,43:34.9,,Fixation
1401.6914, 706.4514,TRUE,7,43:35.0,,Fixation
1400.584, 704.5487,FALSE,7,43:34.9,,Saccade
1145.4744, 731.2936,FALSE,7,43:35.0,,Saccade
823.9608, 730.8774,FALSE,7,43:35.0,,Saccade
557.5619, 727.2995,FALSE,7,43:35.0,,Saccade
466.4416, 726.5347,FALSE,7,43:35.0,,Saccade
419.1495, 729.4349,FALSE,7,43:35.1,,Saccade
390.4129, 727.5879,FALSE,7,43:35.1,,Saccade
271.9886, 727.7886,FALSE,7,43:35.1,,Fixation
273.0755, 730.4315,FALSE,7,43:35.1,,Fixation
268.6218, 727.9092,FALSE,7,43:35.2,,Fixation
271.4379, 729.3434,FALSE,7,43:35.2,,Fixation
272.9787, 728.4974,FALSE,7,43:35.2,,Fixation
273.3753, 731.5096,FALSE,7,43:35.2,,Fixation
274.7462, 727.3201,TRUE,7,43:35.2,,Fixation
270.6606, 725.9223,TRUE,7,43:35.3,,Fixation
269.7994, 726.728,TRUE,7,43:35.3,,Fixation
614.6453, 617.5858,FALSE,7,43:35.4,,Saccade
626.0731, 590.7771,FALSE,7,43:35.4,,Saccade
630.1713, 591.0281,FALSE,7,43:35.4,,Saccade
645.9305, 600.6714,FALSE,4,43:35.5,,Saccade
1478.0028, 614.9105,FALSE,4,43:35.6,,Saccade
1451.8656, 631.1504,FALSE,4,43:35.7,,Saccade
1333.1147, 616.1791,FALSE,7,43:35.9,,Saccade
1299.7474, 611.4748,FALSE,7,43:35.9,,Saccade
1279.4872, 607.5575,FALSE,7,43:35.9,,Saccade
1244.8552, 592.6674,FALSE,7,43:35.9,,Saccade
1220.606, 574.1715,FALSE,7,43:36.0,,Saccade
1214.53, 582.4436,FALSE,7,43:36.0,,Saccade
1216.9895, 582.2225,FALSE,7,43:36.0,,Saccade
1216.0238, 584.9607,FALSE,7,43:36.0,,Saccade
1212.9319, 587.4153,FALSE,7,43:36.1,,Saccade
1201.5006, 589.8707,TRUE,7,43:36.1,,Fixation
802.4412, 644.46,FALSE,7,43:36.1,,Saccade
678.8643, 659.7011,FALSE,7,43:36.1,,Saccade
688.0342, 659.3826,FALSE,7,43:36.1,,Saccade
690.9855, 658.0742,FALSE,7,43:36.2,,Saccade
685.9393, 660.9371,FALSE,7,43:36.2,,Saccade
683.9626, 654.6552,TRUE,7,43:36.2,,Fixation
684.6243, 652.3649,TRUE,7,43:36.2,,Fixation
683.6984, 651.4881,TRUE,7,43:36.3,,Fixation
681.1038, 651.1376,TRUE,7,43:36.3,,Fixation
681.4797, 649.9292,TRUE,7,43:36.3,,Fixation
682.0521, 649.2953,TRUE,7,43:36.3,,Fixation
682.2269, 649.1154,TRUE,7,43:36.3,,Fixation
684.5414, 650.1143,TRUE,7,43:36.4,,Fixation
684.4921, 650.4106,TRUE,7,43:36.4,,Fixation
685.2302, 649.2874,TRUE,7,43:36.4,,Fixation
686.7854, 647.5917,TRUE,7,43:36.5,,Fixation
686.4125, 648.2307,TRUE,7,43:36.5,,Fixation
691.5994, 644.0626,TRUE,7,43:36.5,,Fixation
697.6231, 638.7303,TRUE,7,43:36.5,,Fixation
703.0425, 633.7347,TRUE,7,43:36.6,,Fixation
709.0565, 629.7215,TRUE,7,43:36.6,,Fixation
713.764, 625.0397,TRUE,7,43:36.6,,Fixation
717.022, 622.3264,TRUE,7,43:36.7,,Fixation
721.7596, 618.572,TRUE,7,43:36.7,,Fixation
728.8024, 611.8634,TRUE,7,43:36.7,,Fixation
731.8508, 607.037,TRUE,7,43:36.7,,Fixation
739.1724, 601.3807,TRUE,7,43:36.8,,Fixation
742.3877, 597.3566,TRUE,7,43:36.8,,Fixation
745.9758, 593.5066,TRUE,7,43:36.8,,Fixation
807.6477, 281.5202,FALSE,7,43:36.8,,Saccade
796.4291, 84.0542,FALSE,7,43:36.9,,Saccade
794.9283, 98.7181,FALSE,7,43:36.9,,Saccade
791.4642, 102.0911,FALSE,7,43:36.9,,Saccade
788.1321, 104.9297,FALSE,7,43:37.0,,Saccade
779.7042, 122.3002,FALSE,7,43:37.0,,Saccade
654.1066, 393.0531,FALSE,7,43:37.0,,Saccade
609.902, 522.4774,FALSE,7,43:37.0,,Saccade
562.065, 610.0056,FALSE,4,43:37.1,,Saccade
576.4986, 582.6145,FALSE,4,43:37.1,,Saccade
590.9277, 634.036,FALSE,4,43:37.1,,Saccade
705.3406, 726.013,FALSE,4,43:37.1,,Saccade
839.8769, 661.2639,FALSE,4,43:37.4,,Saccade
828.9291, 670.8718,FALSE,4,43:37.6,,Saccade
829.6034, 679.0785,FALSE,4,43:37.6,,Saccade
825.5505, 678.3915,FALSE,4,43:37.6,,Saccade
828.8802, 675.2197,FALSE,4,43:37.7,,Saccade
828.9423, 674.8727,TRUE,4,43:37.8,,Fixation
831.0852, 675.1637,TRUE,4,43:37.8,,Fixation
817.5338, 674.9697,TRUE,7,43:38.0,,Fixation
805.2261, 674.3508,TRUE,7,43:38.0,,Fixation
830.7833, 676.4606,TRUE,4,43:37.9,,Fixation
789.2875, 673.5098,TRUE,7,43:38.0,,Fixation
770.0798, 673.0315,TRUE,7,43:38.1,,Fixation
780.7518, 672.9008,TRUE,7,43:38.0,,Fixation
764.4936, 670.8152,TRUE,7,43:38.1,,Fixation
759.0766, 672.0054,TRUE,7,43:38.1,,Fixation
755.4566, 671.7986,TRUE,7,43:38.1,,Fixation
749.1041, 669.1379,TRUE,7,43:38.1,,Fixation
734.394, 662.1431,TRUE,7,43:38.2,,Fixation
727.8624, 659.9861,TRUE,7,43:38.2,,Fixation
722.0436, 657.5181,TRUE,7,43:38.2,,Fixation
718.4463, 654.444,TRUE,4,43:38.2,,Fixation
716.6036, 650.4316,TRUE,4,43:38.2,,Fixation
711.9316, 647.3114,TRUE,4,43:38.3,,Fixation
901.3228, 759.1229,FALSE,4,43:38.7,,Saccade
910.0817, 759.1755,FALSE,4,43:38.7,,Saccade
905.0415, 746.5312,FALSE,4,43:38.8,,Saccade
861.0609, 701.0121,FALSE,4,43:38.8,,Saccade
852.2235, 666.5121,FALSE,4,43:38.9,,Saccade
841.8622, 645.9922,FALSE,4,43:38.9,,Saccade
837.6259, 634.994,TRUE,4,43:38.9,,Fixation
801.7571, 577.3646,FALSE,4,43:39.0,,Saccade
817.6911, 553.8868,FALSE,4,43:39.1,,Saccade
759.9483, 554.2922,FALSE,7,43:39.1,,Saccade
748.6462, 557.2051,FALSE,7,43:39.1,,Saccade
739.2861, 561.4219,FALSE,7,43:39.2,,Saccade
913.2014, 651.6748,FALSE,4,43:39.3,,Saccade
979.3704, 601.8899,FALSE,4,43:39.4,,Saccade
901.7962, 577.8217,FALSE,7,43:39.5,,Saccade
876.1292, 570.8126,FALSE,7,43:39.5,,Saccade
861.4134, 567.2415,FALSE,7,43:39.5,,Fixation
856.296, 564.0252,TRUE,7,43:39.6,,Fixation
26.1285, 881.7258,FALSE,4,43:39.6,,Saccade
27.6157, 812.5881,FALSE,4,43:39.6,,Saccade
18.7773, 610.6866,FALSE,4,43:39.8,,Saccade
285.1877, 535.1454,FALSE,4,43:41.0,,Saccade
408.0628, 463.3852,FALSE,4,43:41.2,,Saccade
490.5851, 422.5297,FALSE,4,43:41.2,,Saccade
755.9518, 280.503,FALSE,4,43:41.3,,Saccade
