CRX,CRY,IsFixated,State,TimeStamp, ,Result
982.5571, 220.1852,FALSE,7,43:10.9,,Saccade
840.6305, 170.8591,FALSE,7,43:10.9,,Saccade
814.4178, 162.1587,FALSE,7,43:10.9,,Saccade
1265.3719, 428.7952,FALSE,7,43:10.9,,Saccade
817.8035, 171.8303,FALSE,7,43:10.9,,Fixation
828.9437, 162.4529,FALSE,7,43:10.9,,Fixation
828.2185, 178.133,FALSE,7,43:11.0,,Fixation
821.6576, 160.1212,FALSE,7,43:11.0,,Fixation
813.5382, 180.987,FALSE,7,43:11.0,,Fixation
836.8757, 173.7007,TRUE,7,43:11.0,,Fixation
833.4578, 160.3295,TRUE,7,43:11.0,,Fixation
822.1187, 191.7036,TRUE,7,43:11.0,,Fixation
800.0769, 169.047,TRUE,7,43:11.1,,Fixation
811.3839, 167.5686,TRUE,7,43:11.1,,Fixation
741.8846, 356.2759,FALSE,7,43:11.1,,Saccade
746.2458, 332.4619,FALSE,7,43:11.2,,Saccade
758.7173, 328.9451,FALSE,7,43:11.2,,Saccade
736.4707, 326.0896,FALSE,7,43:11.2,,Saccade
744.9067, 319.1399,FALSE,7,43:11.2,,Saccade
747.3745, 333.9138,FALSE,7,43:11.3,,Saccade
746.6136, 321.8676,TRUE,7,43:11.3,,Fixation
765.0774, 327.5952,TRUE,7,43:11.3,,Fixation
772.8339, 170.3427,FALSE,7,43:11.3,,Fixation
791.8488, 78.7315,FALSE,7,43:11.3,,Fixation
780.0464, 76.2395,FALSE,7,43:11.4,,Fixation
778.1152, 83.0109,FALSE,7,43:11.4,,Fixation
795.4175, 85.0362,FALSE,7,43:11.4,,Fixation
772.5499, 100.2535,FALSE,7,43:11.4,,Fixation
773.6861, 86.6647,TRUE,7,43:11.4,,Fixation
787.0404, 60.1978,TRUE,7,43:11.4,,Fixation
770.9059, 103.0948,TRUE,7,43:11.5,,Fixation
766.4848, 93.8286,TRUE,4,43:11.5,,Fixation
775.0115, 105.0119,TRUE,4,43:11.5,,Fixation
759.1611, 57.0695,TRUE,4,43:11.5,,Fixation
867.6384, 112.174,TRUE,4,43:11.5,,Fixation
777.8888, 59.5351,TRUE,4,43:11.6,,Fixation
768.0862, 95.814,TRUE,7,43:11.6,,Fixation
772.6709, 89.3864,TRUE,7,43:11.6,,Fixation
763.2091, 97.3437,TRUE,7,43:11.6,,Fixation
761.283, 94.0919,TRUE,7,43:11.6,,Fixation
771.0996, 51.2549,TRUE,7,43:11.8,,Fixation
772.4471, 99.4361,TRUE,7,43:11.9,,Fixation
799.7032, 51.0401,TRUE,4,43:11.9,,Fixation
760.514, 353.9156,FALSE,4,43:12.0,,Saccade
694.2198, 517.1222,FALSE,7,43:12.2,,Saccade
409.5258, 440.8892,FALSE,7,43:12.3,,Saccade
290.0622, 455.6727,FALSE,7,43:12.3,,Fixation
289.8519, 455.4967,FALSE,7,43:12.3,,Fixation
307.6171, 415.2815,FALSE,7,43:12.3,,Fixation
297.6664, 444.201,FALSE,7,43:12.3,,Fixation
302.2944, 444.2158,FALSE,7,43:12.4,,Fixation
313.6252, 405.9453,FALSE,7,43:12.4,,Fixation
335.4056, 416.1442,FALSE,7,43:12.4,,Fixation
296.5138, 436.3969,FALSE,7,43:12.4,,Fixation
358.6539, 383.5137,FALSE,4,43:12.9,,Fixation
384.9954, 392.8507,TRUE,4,43:12.9,,Fixation
733.6059, 495.4718,FALSE,4,43:13.0,,Saccade
762.53, 487.4031,FALSE,4,43:13.1,,Saccade
763.8084, 485.3329,FALSE,4,43:13.2,,Saccade
762.2934, 497.2351,FALSE,4,43:13.2,,Saccade
858.5751, 491.8504,FALSE,7,43:13.2,,Saccade
859.7894, 488.7622,FALSE,7,43:13.3,,Saccade
849.7141, 516.4248,TRUE,7,43:13.3,,Fixation
830.8485, 523.0922,TRUE,7,43:13.3,,Fixation
802.4172, 476.331,TRUE,4,43:13.5,,Fixation
775.4908, 501.2641,TRUE,4,43:13.6,,Fixation
845.6642, 525.4327,TRUE,7,43:13.7,,Fixation
831.7549, 518.1194,TRUE,7,43:13.8,,Fixation
821.1271, 510.5541,TRUE,7,43:13.8,,Fixation
817.1835, 510.427,TRUE,7,43:13.8,,Fixation
831.5188, 502.45,TRUE,7,43:13.9,,Fixation
816.3456, 521.2937,TRUE,7,43:13.9,,Fixation
811.3831, 520.9963,TRUE,7,43:13.9,,Fixation
807.147, 524.1334,TRUE,7,43:13.9,,Fixation
840.5251, 512.9977,TRUE,7,43:14.0,,Fixation
832.3643, 531.4667,TRUE,7,43:14.0,,Fixation
815.441, 521.4119,TRUE,7,43:14.0,,Fixation
824.4755, 536.418,TRUE,7,43:14.0,,Fixation
817.9244, 509.2333,TRUE,7,43:14.0,,Fixation
825.856, 522.0403,TRUE,7,43:14.1,,Fixation
820.217, 506.1376,TRUE,7,43:14.1,,Fixation
819.66, 527.6835,TRUE,7,43:14.1,,Fixation
813.0679, 526.4236,TRUE,7,43:14.1,,Fixation
829.0765, 514.6152,TRUE,7,43:14.1,,Fixation
819.856, 498.9696,TRUE,7,43:14.2,,Fixation
824.9625, 525.8669,TRUE,7,43:14.2,,Fixation
814.5574, 542.2913,TRUE,7,43:14.2,,Fixation
824.0073, 526.9229,TRUE,7,43:14.2,,Fixation
830.9224, 518.5375,TRUE,7,43:14.3,,Fixation
822.7719, 536.1597,TRUE,7,43:14.3,,Fixation
830.547, 490.764,TRUE,7,43:14.4,,Fixation
832.3958, 526.3029,TRUE,7,43:14.4,,Fixation
811.9897, 521.4611,TRUE,7,43:14.4,,Fixation
823.5126, 521.3417,TRUE,7,43:14.4,,Fixation
838.5228, 518.7532,TRUE,7,43:14.5,,Fixation
818.5715, 503.836,TRUE,7,43:14.5,,Fixation
832.9016, 525.489,TRUE,7,43:14.5,,Fixation
830.0331, 510.8746,TRUE,7,43:14.5,,Fixation
833.2269, 510.1113,TRUE,7,43:14.6,,Fixation
818.8686, 533.4862,TRUE,7,43:14.5,,Fixation
813.8271, 511.3037,TRUE,7,43:14.6,,Fixation
828.702, 524.881,TRUE,7,43:14.6,,Fixation
827.9342, 530.6116,TRUE,7,43:14.6,,Fixation
813.8205, 512.5612,TRUE,7,43:14.6,,Fixation
838.2339, 527.2439,TRUE,7,43:14.6,,Fixation
834.9557, 527.9235,TRUE,7,43:14.7,,Fixation
820.4683, 533.6511,TRUE,7,43:14.7,,Fixation
829.6989, 519.4327,TRUE,7,43:14.7,,Fixation
833.2062, 530.4078,TRUE,7,43:14.7,,Fixation
825.8166, 535.3129,TRUE,7,43:14.7,,Fixation
885.3569, 545.2267,TRUE,7,43:14.7,,Fixation
862.3344, 522.359,TRUE,7,43:14.8,,Fixation
869.6324, 526.5151,TRUE,7,43:14.8,,Fixation
867.8595, 508.14,TRUE,7,43:14.8,,Fixation
861.2272, 515.4532,TRUE,7,43:14.8,,Fixation
858.9663, 525.3282,TRUE,7,43:14.8,,Fixation
855.5817, 528.7438,TRUE,7,43:14.9,,Fixation
855.9893, 542.1096,TRUE,7,43:14.9,,Fixation
857.6836, 504.589,TRUE,7,43:14.9,,Fixation
863.7554, 526.0593,TRUE,7,43:14.9,,Fixation
858.6458, 513.4241,TRUE,7,43:14.9,,Fixation
870.0264, 516.6221,TRUE,7,43:15.0,,Fixation
854.369, 517.9176,TRUE,7,43:15.0,,Fixation
868.6632, 529.0964,TRUE,7,43:15.1,,Fixation
861.0488, 506.4933,TRUE,7,43:15.1,,Fixation
848.1143, 518.7328,TRUE,7,43:15.0,,Fixation
861.0573, 521.017,TRUE,7,43:15.1,,Fixation
856.4985, 516.8552,TRUE,7,43:15.1,,Fixation
861.6292, 500.83,TRUE,7,43:15.1,,Fixation
726.7993, 481.86,TRUE,7,43:15.2,,Fixation
664.7913, 490.9076,FALSE,7,43:15.2,,Saccade
673.7693, 478.8041,FALSE,7,43:15.2,,Saccade
683.4819, 492.0593,FALSE,7,43:15.2,,Saccade
669.3936, 486.1604,FALSE,7,43:15.3,,Saccade
673.3401, 517.8482,FALSE,7,43:15.3,,Saccade
674.518, 486.3334,FALSE,7,43:15.3,,Saccade
665.6302, 496.2131,TRUE,7,43:15.3,,Fixation
670.9949, 479.464,TRUE,7,43:15.3,,Fixation
688.4254, 475.3653,TRUE,7,43:15.4,,Fixation
675.319, 488.462,TRUE,7,43:15.4,,Fixation
672.9192, 494.0814,TRUE,7,43:15.4,,Fixation
678.3961, 503.0171,TRUE,7,43:15.5,,Fixation
673.022, 495.5067,TRUE,7,43:15.5,,Fixation
671.1582, 502.8509,TRUE,7,43:15.5,,Fixation
685.5436, 495.1241,TRUE,7,43:15.5,,Fixation
686.0847, 492.3275,TRUE,7,43:15.5,,Fixation
682.9683, 471.7374,TRUE,7,43:15.5,,Fixation
688.6187, 518.3265,TRUE,7,43:15.6,,Fixation
679.1691, 499.3745,TRUE,7,43:15.6,,Fixation
699.2511, 489.5443,TRUE,7,43:15.6,,Fixation
687.3744, 494.7877,TRUE,7,43:15.6,,Fixation
679.2057, 491.3949,TRUE,7,43:15.6,,Fixation
682.6851, 510.7853,TRUE,7,43:15.6,,Fixation
685.5705, 502.5863,TRUE,7,43:15.7,,Fixation
685.9067, 490.3075,TRUE,7,43:15.7,,Fixation
692.8011, 503.9279,TRUE,7,43:15.7,,Fixation
687.7737, 504.8865,TRUE,7,43:15.7,,Fixation
688.1208, 501.0623,TRUE,7,43:15.8,,Fixation
684.6077, 495.1172,TRUE,7,43:15.8,,Fixation
693.3846, 494.4975,TRUE,7,43:15.8,,Fixation
693.0154, 505.2456,TRUE,7,43:15.8,,Fixation
692.6664, 501.93,TRUE,7,43:15.8,,Fixation
698.6541, 481.0212,TRUE,7,43:15.8,,Fixation
711.325, 458.8123,TRUE,7,43:15.9,,Fixation
703.7381, 481.7144,TRUE,7,43:15.9,,Fixation
694.3692, 501.3176,TRUE,7,43:15.9,,Fixation
704.1237, 496.0382,TRUE,7,43:15.9,,Fixation
712.7748, 503.7615,TRUE,7,43:15.9,,Fixation
687.6995, 488.1354,TRUE,7,43:16.0,,Fixation
703.8776, 466.4553,TRUE,7,43:16.0,,Fixation
702.5083, 484.9465,TRUE,7,43:16.0,,Fixation
710.0767, 492.3468,TRUE,7,43:16.0,,Fixation
693.322, 461.8423,TRUE,7,43:16.0,,Fixation
695.3336, 506.3452,TRUE,7,43:16.0,,Fixation
699.9913, 486.1033,TRUE,7,43:16.1,,Fixation
697.0021, 471.0457,TRUE,7,43:16.1,,Fixation
692.2728, 487.3499,TRUE,7,43:16.1,,Fixation
698.2105, 489.0515,TRUE,7,43:16.2,,Fixation
679.6753, 472.7819,TRUE,7,43:16.2,,Fixation
696.8842, 481.8757,TRUE,7,43:16.2,,Fixation
708.9756, 474.0105,TRUE,7,43:16.2,,Fixation
699.4164, 477.3986,TRUE,7,43:16.3,,Fixation
710.9066, 485.3613,TRUE,7,43:16.4,,Fixation
708.7275, 486.262,TRUE,7,43:16.4,,Fixation
709.8501, 456.2277,TRUE,7,43:16.5,,Fixation
704.6996, 475.3017,TRUE,7,43:16.5,,Fixation
703.4443, 480.0212,TRUE,7,43:16.5,,Fixation
710.139, 468.6415,TRUE,7,43:16.5,,Fixation
721.9734, 467.0806,TRUE,7,43:16.6,,Fixation
798.1265, 501.6314,TRUE,7,43:16.6,,Fixation
788.663, 478.2716,TRUE,7,43:16.6,,Fixation
806.856, 509.7588,TRUE,7,43:16.7,,Fixation
803.4608, 486.6009,TRUE,7,43:16.7,,Fixation
814.2828, 472.5149,TRUE,7,43:16.7,,Fixation
828.3516, 468.281,TRUE,7,43:16.8,,Fixation
821.7318, 490.3346,TRUE,7,43:16.8,,Fixation
804.5278, 498.3912,TRUE,7,43:16.8,,Fixation
819.1504, 500.8305,TRUE,7,43:16.8,,Fixation
816.9701, 493.0269,TRUE,7,43:16.8,,Fixation
817.3518, 477.1443,TRUE,7,43:16.9,,Fixation
828.5951, 470.1275,TRUE,7,43:16.9,,Fixation
818.3427, 492.3687,TRUE,7,43:16.9,,Fixation
825.0917, 487.2252,TRUE,7,43:16.9,,Fixation
823.4281, 483.1505,TRUE,7,43:17.0,,Fixation
806.9515, 493.7401,TRUE,7,43:17.0,,Fixation
812.5851, 472.7284,TRUE,7,43:17.1,,Fixation
810.9507, 494.8131,TRUE,7,43:17.1,,Fixation
797.3326, 487.9106,TRUE,7,43:17.1,,Fixation
812.0137, 493.1002,TRUE,7,43:17.1,,Fixation
830.4487, 498.0328,TRUE,7,43:17.2,,Fixation
816.0507, 496.5988,TRUE,7,43:17.2,,Fixation
827.0677, 492.386,TRUE,7,43:17.2,,Fixation
817.1063, 481.1553,TRUE,7,43:17.2,,Fixation
831.793, 480.8843,TRUE,7,43:17.2,,Fixation
816.538, 501.403,TRUE,7,43:17.3,,Fixation
959.3795, 498.8543,FALSE,7,43:17.3,,Fixation
971.843, 492.8502,FALSE,7,43:17.3,,Fixation
979.0282, 523.887,FALSE,7,43:17.3,,Fixation
972.4854, 521.0117,FALSE,7,43:17.4,,Fixation
979.4951, 505.801,FALSE,7,43:17.3,,Fixation
958.748, 520.6168,TRUE,7,43:17.4,,Fixation
956.2944, 523.0042,TRUE,7,43:17.4,,Fixation
966.7589, 505.024,TRUE,7,43:17.5,,Fixation
977.7202, 501.8289,TRUE,7,43:17.5,,Fixation
966.6577, 516.1317,TRUE,7,43:17.5,,Fixation
949.362, 508.3368,TRUE,7,43:17.5,,Fixation
967.3774, 517.7223,TRUE,7,43:17.6,,Fixation
962.8405, 521.3192,TRUE,7,43:17.7,,Fixation
964.2799, 510.4609,TRUE,7,43:17.7,,Fixation
977.8236, 512.9926,TRUE,7,43:17.7,,Fixation
779.0193, 439.7859,FALSE,7,43:17.9,,Saccade
772.349, 447.9781,FALSE,7,43:17.8,,Saccade
770.0328, 457.2898,FALSE,7,43:17.9,,Saccade
784.6411, 485.7788,FALSE,7,43:18.0,,Saccade
780.3226, 460.9584,FALSE,7,43:18.0,,Saccade
785.8633, 448.9424,FALSE,7,43:18.1,,Saccade
772.4501, 445.9695,TRUE,7,43:18.1,,Fixation
766.1081, 445.8397,TRUE,7,43:18.1,,Fixation
784.3571, 433.9412,TRUE,7,43:18.1,,Fixation
765.1274, 471.5159,TRUE,7,43:18.2,,Fixation
761.5492, 448.7278,TRUE,7,43:18.2,,Fixation
922.2059, 469.168,FALSE,7,43:18.2,,Fixation
915.5703, 492.4422,FALSE,7,43:18.2,,Fixation
943.0289, 490.9137,FALSE,7,43:18.2,,Fixation
915.7039, 495.0007,FALSE,7,43:18.3,,Fixation
931.5859, 477.3619,FALSE,7,43:18.3,,Fixation
913.0024, 488.4091,TRUE,7,43:18.3,,Fixation
921.9856, 485.1354,TRUE,7,43:18.3,,Fixation
913.5334, 511.3882,TRUE,7,43:18.4,,Fixation
922.7334, 492.4673,TRUE,7,43:18.4,,Fixation
913.3843, 482.1306,TRUE,7,43:18.4,,Fixation
906.7443, 490.9189,TRUE,7,43:18.4,,Fixation
918.5779, 471.9827,TRUE,7,43:18.5,,Fixation
917.7118, 496.7084,TRUE,7,43:18.5,,Fixation
912.9925, 492.5833,TRUE,7,43:18.5,,Fixation
911.6339, 506.7466,TRUE,7,43:18.5,,Fixation
897.8497, 499.8748,TRUE,7,43:18.6,,Fixation
929.9619, 495.936,TRUE,7,43:18.6,,Fixation
919.5884, 480.399,TRUE,7,43:18.6,,Fixation
902.1464, 494.7425,TRUE,7,43:18.6,,Fixation
904.1507, 492.7855,TRUE,7,43:18.7,,Fixation
914.2681, 470.1703,TRUE,7,43:18.7,,Fixation
920.0933, 484.2825,TRUE,7,43:18.7,,Fixation
1333.262, 549.2603,FALSE,7,43:18.8,,Saccade
1323.4595, 535.4968,FALSE,7,43:18.8,,Saccade
1324.2312, 525.6074,FALSE,7,43:18.8,,Saccade
1300.5493, 539.7855,FALSE,7,43:18.8,,Saccade
1337.1641, 552.4459,FALSE,7,43:18.8,,Saccade
1314.5623, 534.5922,FALSE,7,43:18.9,,Saccade
1340.7527, 535.1444,TRUE,7,43:18.9,,Fixation
1326.6852, 528.441,TRUE,7,43:18.9,,Fixation
1308.1343, 536.8888,TRUE,7,43:18.9,,Fixation
1324.2284, 553.1205,TRUE,7,43:19.0,,Fixation
1331.7465, 540.6887,TRUE,7,43:19.0,,Fixation
1323.4607, 541.539,TRUE,7,43:19.0,,Fixation
1329.719, 542.0179,TRUE,7,43:19.0,,Fixation
1329.8843, 533.9285,TRUE,7,43:19.1,,Fixation
1328.6636, 537.0104,TRUE,7,43:19.1,,Fixation
1319.9888, 542.0175,TRUE,7,43:19.2,,Fixation
1343.8475, 533.9465,TRUE,7,43:19.2,,Fixation
1339.4065, 542.9956,TRUE,7,43:19.3,,Fixation
1330.9172, 540.0562,TRUE,7,43:19.3,,Fixation
1325.4058, 545.391,TRUE,7,43:19.3,,Fixation
1343.0031, 508.9553,TRUE,7,43:19.4,,Fixation
1316.8933, 531.3198,TRUE,7,43:19.4,,Fixation
1339.3303, 527.25,TRUE,7,43:19.4,,Fixation
1331.4479, 542.9651,TRUE,7,43:19.4,,Fixation
1322.8011, 550.1771,TRUE,7,43:19.4,,Fixation
1331.8563, 531.726,TRUE,7,43:19.5,,Fixation
1332.1819, 547.925,TRUE,7,43:19.5,,Fixation
1336.2524, 533.8831,TRUE,7,43:19.5,,Fixation
1340.0979, 555.6091,TRUE,7,43:19.5,,Fixation
1324.0875, 533.5116,TRUE,7,43:19.6,,Fixation
1316.3578, 552.6815,TRUE,7,43:19.6,,Fixation
1314.6357, 551.8512,TRUE,7,43:19.6,,Fixation
1334.9246, 545.6721,TRUE,7,43:19.6,,Fixation
1338.155, 549.4933,TRUE,7,43:19.6,,Fixation
1332.6785, 523.0232,TRUE,7,43:19.7,,Fixation
1333.6306, 525.8615,TRUE,7,43:19.7,,Fixation
1309.5334, 537.379,TRUE,7,43:19.7,,Fixation
1325.5623, 547.4141,TRUE,7,43:19.7,,Fixation
1329.9143, 532.4561,TRUE,7,43:19.7,,Fixation
1344.4087, 538.9355,TRUE,7,43:19.7,,Fixation
1325.8597, 544.4335,TRUE,7,43:19.8,,Fixation
1331.1392, 522.6942,TRUE,7,43:19.8,,Fixation
1321.926, 533.5797,TRUE,7,43:19.9,,Fixation
1335.4146, 525.9445,TRUE,7,43:19.9,,Fixation
1330.6421, 535.0928,TRUE,7,43:19.9,,Fixation
1348.1973, 525.0207,TRUE,7,43:19.9,,Fixation
1332.8765, 532.5463,TRUE,7,43:20.0,,Fixation
1345.5505, 516.249,TRUE,7,43:20.0,,Fixation
1331.8955, 528.1199,TRUE,7,43:20.0,,Fixation
1355.4359, 533.7259,TRUE,7,43:20.1,,Fixation
1327.0308, 553.5635,TRUE,7,43:20.0,,Fixation
1469.5089, 537.3604,FALSE,7,43:20.1,,Fixation
1474.7498, 526.9866,FALSE,7,43:20.1,,Fixation
1468.3215, 524.8361,FALSE,7,43:20.2,,Fixation
1469.688, 518.6649,FALSE,7,43:20.2,,Fixation
1464.6116, 543.6827,FALSE,7,43:20.2,,Fixation
1466.1807, 533.743,FALSE,7,43:20.3,,Fixation
1462.8328, 522.2771,TRUE,7,43:20.3,,Fixation
1454.9194, 550.9949,TRUE,7,43:20.3,,Fixation
1488.0674, 534.0227,TRUE,7,43:20.3,,Fixation
1465.0807, 553.6202,TRUE,7,43:20.4,,Fixation
1437.8864, 541.6091,TRUE,7,43:20.4,,Fixation
1461.0145, 529.8763,TRUE,7,43:20.4,,Fixation
1444.3724, 535.3933,TRUE,7,43:20.5,,Fixation
1461.0145, 529.8763,TRUE,7,43:20.5,,Fixation
1451.8027, 534.5391,TRUE,7,43:20.5,,Fixation
1442.0879, 533.2405,TRUE,7,43:20.5,,Fixation
1473.6082, 556.2043,TRUE,7,43:20.5,,Fixation
1135.8906, 315.8549,FALSE,4,43:20.6,,Saccade
929.2012, 222.5638,FALSE,4,43:20.6,,Saccade
885.9135, 185.1983,FALSE,7,43:20.7,,Saccade
881.8005, 187.0835,FALSE,7,43:20.7,,Saccade
888.5676, 211.8641,FALSE,7,43:20.8,,Saccade
888.0354, 160.5074,FALSE,7,43:20.8,,Saccade
903.5869, 170.5567,FALSE,7,43:20.8,,Saccade
404.9921, 159.0337,FALSE,7,43:20.9,,Saccade
173.1197, 186.4265,FALSE,7,43:20.9,,Fixation
100.2444, 220.0386,FALSE,7,43:21.0,,Fixation
90.6833, 232.8806,FALSE,7,43:21.0,,Fixation
86.6206, 247.2716,FALSE,7,43:21.0,,Fixation
91.8368, 241.4922,FALSE,7,43:21.0,,Fixation
79.1146, 202.0876,FALSE,7,43:21.0,,Fixation
81.2685, 217.8356,FALSE,7,43:21.1,,Fixation
97.8343, 233.8052,FALSE,7,43:21.1,,Fixation
98.613, 211.362,TRUE,7,43:21.1,,Fixation
96.3458, 230.331,TRUE,7,43:21.1,,Fixation
110.0381, 233.9038,TRUE,7,43:21.1,,Fixation
91.306, 243.009,TRUE,7,43:21.2,,Fixation
108.2778, 229.2441,TRUE,7,43:21.2,,Fixation
89.9211, 225.8321,TRUE,7,43:21.2,,Fixation
118.5318, 249.2575,TRUE,7,43:21.3,,Fixation
61.0969, 464.2921,FALSE,7,43:21.3,,Saccade
134.053, 692.0332,FALSE,7,43:21.3,,Saccade
360.3306, 814.2,FALSE,7,43:21.3,,Saccade
351.5365, 828.9623,FALSE,7,43:21.4,,Saccade
363.6199, 815.436,FALSE,7,43:21.4,,Saccade
370.1171, 828.9023,FALSE,7,43:21.6,,Saccade
625.1565, 776.4067,FALSE,4,43:21.6,,Saccade
841.5735, 674.5063,FALSE,4,43:21.6,,Saccade
821.1663, 673.5673,FALSE,7,43:21.7,,Saccade
830.4408, 648.4132,FALSE,7,43:21.6,,Saccade
817.8782, 705.7622,FALSE,7,43:21.7,,Saccade
825.1687, 666.4362,FALSE,7,43:21.7,,Saccade
821.7261, 679.6563,FALSE,7,43:21.8,,Saccade
802.2152, 690.3861,FALSE,7,43:21.8,,Saccade
826.3855, 702.8336,FALSE,7,43:21.8,,Saccade
826.8183, 702.8324,TRUE,7,43:21.8,,Fixation
877.6575, 583.0354,TRUE,7,43:21.9,,Fixation
896.1122, 598.0806,TRUE,7,43:21.9,,Fixation
854.3212, 593.3829,TRUE,7,43:22.0,,Fixation
865.838, 597.5891,TRUE,7,43:21.9,,Fixation
870.4858, 601.4733,TRUE,7,43:22.0,,Fixation
872.686, 596.519,TRUE,7,43:22.0,,Fixation
879.0093, 603.8378,TRUE,7,43:22.1,,Fixation
866.2753, 587.851,TRUE,7,43:22.1,,Fixation
882.069, 594.5472,TRUE,7,43:22.1,,Fixation
875.788, 590.2223,TRUE,7,43:22.1,,Fixation
871.0625, 597.7205,TRUE,7,43:22.1,,Fixation
872.1783, 582.8221,TRUE,7,43:22.2,,Fixation
881.6371, 572.725,TRUE,7,43:22.2,,Fixation
901.1025, 550.2968,TRUE,7,43:22.2,,Fixation
893.64, 500.3286,TRUE,7,43:22.2,,Fixation
893.9807, 504.8827,TRUE,7,43:22.3,,Fixation
876.9193, 510.0282,TRUE,7,43:22.3,,Fixation
888.2139, 488.487,TRUE,7,43:22.3,,Fixation
891.9794, 501.2027,TRUE,7,43:22.4,,Fixation
908.4357, 497.8923,TRUE,7,43:22.4,,Fixation
893.1602, 488.0679,TRUE,7,43:22.4,,Fixation
878.6315, 526.8274,TRUE,7,43:22.4,,Fixation
881.0537, 498.3768,FALSE,7,43:22.4,,Saccade
898.3781, 504.4722,FALSE,7,43:22.5,,Saccade
888.7683, 505.5364,FALSE,7,43:22.5,,Saccade
879.5005, 490.1983,FALSE,7,43:22.5,,Saccade
905.4572, 499.6766,FALSE,7,43:22.5,,Saccade
876.9653, 493.8789,FALSE,7,43:22.5,,Saccade
907.1403, 508.4274,TRUE,7,43:22.5,,Fixation
911.4302, 497.3044,TRUE,7,43:22.6,,Fixation
1008.1495, 445.6649,TRUE,7,43:22.6,,Fixation
1012.1802, 422.5911,TRUE,7,43:22.6,,Fixation
1037.3104, 415.1083,TRUE,7,43:22.6,,Fixation
1027.356, 414.2354,TRUE,7,43:22.7,,Fixation
1022.2802, 434.6734,TRUE,7,43:22.7,,Fixation
1003.6833, 438.5139,TRUE,7,43:22.7,,Fixation
1022.7385, 412.6456,TRUE,7,43:22.7,,Fixation
1019.599, 411.442,TRUE,7,43:22.8,,Fixation
1023.9113, 409.3428,TRUE,7,43:22.8,,Fixation
1039.6967, 402.2034,TRUE,7,43:22.9,,Fixation
1035.9791, 408.694,TRUE,7,43:22.9,,Fixation
1026.27, 420.9216,TRUE,7,43:22.9,,Fixation
1035.5701, 414.5922,TRUE,7,43:22.9,,Fixation
920.5202, 508.3509,TRUE,7,43:23.0,,Fixation
1021.6907, 398.3555,TRUE,7,43:23.0,,Fixation
863.9648, 604.5169,FALSE,7,43:23.0,,Saccade
786.1575, 691.8613,FALSE,7,43:23.0,,Fixation
778.6293, 705.8336,FALSE,7,43:23.1,,Fixation
771.3145, 708.4229,FALSE,7,43:23.1,,Fixation
773.9607, 703.5671,FALSE,7,43:23.1,,Fixation
778.3497, 691.4738,TRUE,7,43:23.1,,Fixation
786.11, 683.9138,TRUE,7,43:23.1,,Fixation
763.4575, 703.1908,TRUE,7,43:23.2,,Fixation
775.1622, 717.8365,TRUE,7,43:23.2,,Fixation
772.6544, 697.1272,TRUE,7,43:23.2,,Fixation
786.6049, 718.3808,TRUE,7,43:23.2,,Fixation
776.6689, 711.0393,TRUE,7,43:23.2,,Fixation
787.7994, 696.6414,TRUE,7,43:23.3,,Fixation
786.2367, 688.7308,TRUE,7,43:23.3,,Fixation
782.4104, 700.4574,TRUE,7,43:23.3,,Fixation
761.5573, 714.0211,TRUE,7,43:23.3,,Fixation
779.9645, 719.4916,TRUE,7,43:23.3,,Fixation
775.7368, 718.166,TRUE,7,43:23.4,,Fixation
800.1804, 659.8087,TRUE,7,43:23.4,,Fixation
780.1737, 701.132,TRUE,7,43:23.4,,Fixation
776.9255, 698.9053,TRUE,7,43:23.5,,Fixation
767.8531, 708.5446,TRUE,7,43:23.5,,Fixation
760.2581, 718.1581,TRUE,7,43:23.5,,Fixation
795.805, 702.0313,TRUE,7,43:23.6,,Fixation
778.2742, 715.7009,TRUE,7,43:23.6,,Fixation
783.2109, 558.6665,FALSE,7,43:23.6,,Saccade
827.2549, 501.3059,FALSE,7,43:23.7,,Saccade
849.0222, 504.8564,FALSE,7,43:23.6,,Saccade
834.1547, 461.0701,FALSE,7,43:23.7,,Saccade
829.6298, 504.9574,FALSE,7,43:23.7,,Saccade
824.5424, 489.0175,FALSE,7,43:23.7,,Saccade
839.5278, 482.4268,TRUE,7,43:23.7,,Fixation
820.9117, 471.0862,TRUE,7,43:23.8,,Fixation
832.655, 490.8881,TRUE,7,43:23.8,,Fixation
815.9365, 498.5451,TRUE,7,43:23.8,,Fixation
822.0826, 504.9573,TRUE,7,43:23.8,,Fixation
1034.038, 514.2512,FALSE,7,43:23.9,,Fixation
977.9493, 526.6083,FALSE,7,43:23.9,,Fixation
1032.1395, 516.5181,FALSE,7,43:23.9,,Fixation
1023.0787, 519.6841,FALSE,7,43:24.0,,Fixation
1014.3691, 529.7407,FALSE,7,43:24.0,,Fixation
1006.1416, 506.0521,TRUE,7,43:24.0,,Fixation
1025.1443, 494.668,FALSE,7,43:24.0,,Fixation
1007.4199, 516.5414,TRUE,7,43:24.1,,Fixation
1025.3331, 515.666,TRUE,7,43:24.1,,Fixation
987.7658, 512.3842,TRUE,7,43:24.1,,Fixation
841.3254, 508.8244,FALSE,7,43:24.1,,Fixation
868.4375, 511.7143,FALSE,7,43:24.2,,Fixation
852.4562, 530.3077,FALSE,7,43:24.2,,Fixation
856.6285, 511.9263,FALSE,7,43:24.2,,Fixation
834.7976, 515.4183,FALSE,7,43:24.2,,Fixation
847.8026, 516.0265,TRUE,7,43:24.2,,Fixation
833.0569, 533.4011,TRUE,7,43:24.3,,Fixation
849.7314, 514.5207,TRUE,7,43:24.3,,Fixation
850.2089, 538.3264,TRUE,7,43:24.3,,Fixation
847.7509, 528.4429,TRUE,7,43:24.4,,Fixation
865.0728, 518.5067,TRUE,7,43:24.4,,Fixation
826.3253, 532.4257,TRUE,7,43:24.4,,Fixation
844.2906, 525.329,TRUE,7,43:24.4,,Fixation
843.7417, 522.3264,TRUE,7,43:24.4,,Fixation
848.0471, 530.8764,TRUE,7,43:24.4,,Fixation
856.9039, 528.9877,TRUE,7,43:24.5,,Fixation
835.3445, 535.6448,TRUE,7,43:24.5,,Fixation
844.3022, 535.671,TRUE,7,43:24.5,,Fixation
845.2645, 519.6589,TRUE,7,43:24.5,,Fixation
841.1021, 526.67,TRUE,7,43:24.6,,Fixation
848.132, 521.5046,TRUE,7,43:24.6,,Fixation
836.5392, 526.9057,TRUE,7,43:24.6,,Fixation
862.5251, 533.2666,TRUE,7,43:24.6,,Fixation
853.8145, 521.6727,TRUE,7,43:24.7,,Fixation
856.8844, 524.8055,TRUE,7,43:24.7,,Fixation
866.5382, 511.3644,TRUE,7,43:24.7,,Fixation
856.7799, 527.3115,TRUE,7,43:24.7,,Fixation
856.5646, 542.7542,TRUE,7,43:24.7,,Fixation
851.7932, 521.5941,TRUE,7,43:24.8,,Fixation
844.3707, 533.0109,TRUE,7,43:24.8,,Fixation
854.3198, 539.0414,TRUE,7,43:24.8,,Fixation
867.2808, 524.4135,TRUE,7,43:24.8,,Fixation
832.416, 487.6124,TRUE,7,43:24.9,,Fixation
861.0746, 538.308,TRUE,7,43:24.9,,Fixation
847.9993, 542.8821,TRUE,7,43:24.9,,Fixation
835.0421, 539.743,TRUE,7,43:25.0,,Fixation
856.2022, 528.8245,TRUE,7,43:25.0,,Fixation
850.8506, 523.5685,TRUE,7,43:25.0,,Fixation
847.4986, 517.1194,TRUE,7,43:25.0,,Fixation
824.1007, 541.7655,TRUE,7,43:25.0,,Fixation
830.4045, 513.5757,TRUE,7,43:25.1,,Fixation
840.0518, 517.4413,TRUE,7,43:25.1,,Fixation
854.3426, 503.6479,TRUE,7,43:25.1,,Fixation
853.4792, 532.9176,TRUE,7,43:25.1,,Fixation
858.382, 516.9878,TRUE,7,43:25.2,,Fixation
668.4214, 621.5842,FALSE,7,43:25.2,,Saccade
663.3781, 646.0297,FALSE,7,43:25.3,,Saccade
674.847, 634.5645,FALSE,7,43:25.3,,Saccade
670.585, 632.2616,FALSE,7,43:25.3,,Saccade
671.0931, 627.067,FALSE,7,43:25.4,,Saccade
664.3302, 636.3251,FALSE,7,43:25.4,,Saccade
647.9296, 646.6713,TRUE,7,43:25.4,,Fixation
671.9894, 627.2723,TRUE,7,43:25.4,,Fixation
670.6978, 652.8514,TRUE,7,43:25.4,,Fixation
617.4451, 667.9104,TRUE,7,43:25.5,,Fixation
551.0483, 716.2953,TRUE,7,43:25.7,,Fixation
569.0338, 709.4172,TRUE,7,43:25.8,,Fixation
571.1151, 706.0293,TRUE,7,43:25.8,,Fixation
555.4697, 712.4017,TRUE,7,43:25.8,,Fixation
569.8577, 702.3493,TRUE,7,43:25.9,,Fixation
576.7523, 706.7098,TRUE,7,43:25.9,,Fixation
579.4965, 711.5764,TRUE,7,43:25.9,,Fixation
559.0276, 690.1514,TRUE,7,43:25.9,,Fixation
600.1057, 701.9633,TRUE,4,43:25.9,,Fixation
742.4425, 690.9871,TRUE,4,43:26.0,,Fixation
716.72, 678.78,TRUE,7,43:26.0,,Fixation
739.4766, 675.8164,TRUE,7,43:26.1,,Fixation
713.774, 689.0021,TRUE,7,43:26.1,,Fixation
727.1309, 670.2889,TRUE,7,43:26.2,,Fixation
727.9875, 672.5012,TRUE,7,43:26.2,,Fixation
717.2629, 681.9053,TRUE,7,43:26.3,,Fixation
717.287, 689.625,TRUE,7,43:26.3,,Fixation
721.7509, 675.5592,TRUE,7,43:26.3,,Fixation
716.9423, 683.5682,TRUE,7,43:26.3,,Fixation
715.1597, 675.1351,TRUE,7,43:26.3,,Fixation
712.4735, 686.7925,TRUE,7,43:26.4,,Fixation
730.1536, 691.7599,TRUE,7,43:26.4,,Fixation
714.7063, 680.3564,TRUE,7,43:26.4,,Fixation
732.6416, 677.73,TRUE,7,43:26.4,,Fixation
711.1525, 689.2297,TRUE,7,43:26.4,,Fixation
737.6499, 668.2101,TRUE,7,43:26.5,,Fixation
733.7407, 666.3065,TRUE,7,43:26.5,,Fixation
721.7977, 668.3286,FALSE,7,43:26.5,,Saccade
717.4309, 687.352,FALSE,7,43:26.5,,Saccade
726.5554, 663.3651,FALSE,7,43:26.5,,Saccade
748.6213, 669.3866,FALSE,7,43:26.6,,Saccade
729.3856, 670.4731,FALSE,7,43:26.6,,Saccade
739.3707, 654.8279,FALSE,7,43:26.6,,Saccade
725.6775, 666.3354,TRUE,7,43:26.6,,Fixation
728.3998, 656.5269,TRUE,7,43:26.6,,Fixation
725.5369, 653.7197,TRUE,7,43:26.7,,Fixation
721.1525, 651.1711,TRUE,7,43:26.7,,Fixation
734.2283, 656.267,TRUE,7,43:26.7,,Fixation
740.7703, 651.7202,TRUE,7,43:26.7,,Fixation
743.859, 668.5561,TRUE,7,43:26.8,,Fixation
727.4153, 649.9271,TRUE,7,43:26.8,,Fixation
735.0784, 653.2323,TRUE,7,43:26.8,,Fixation
719.1249, 647.3315,TRUE,7,43:26.8,,Fixation
728.1194, 671.6592,TRUE,7,43:26.8,,Fixation
746.3418, 661.6049,TRUE,7,43:26.9,,Fixation
718.8284, 651.0458,TRUE,7,43:26.9,,Fixation
731.8799, 632.9037,TRUE,7,43:26.9,,Fixation
715.9819, 645.9451,TRUE,7,43:26.9,,Fixation
737.6134, 642.6269,TRUE,7,43:27.0,,Fixation
741.2985, 659.0622,TRUE,7,43:27.0,,Fixation
761.29, 605.2231,TRUE,7,43:27.0,,Fixation
788.5701, 571.3956,TRUE,7,43:27.0,,Fixation
770.8708, 599.5709,TRUE,7,43:27.0,,Fixation
790.9968, 583.2046,TRUE,7,43:27.1,,Fixation
787.5626, 583.2714,TRUE,7,43:27.1,,Fixation
794.311, 578.0181,TRUE,7,43:27.1,,Fixation
768.1522, 580.8282,TRUE,7,43:27.1,,Fixation
787.515, 573.5923,TRUE,7,43:27.2,,Fixation
778.4404, 575.834,TRUE,7,43:27.2,,Fixation
780.7022, 581.653,TRUE,7,43:27.2,,Fixation
768.1871, 590.1667,TRUE,7,43:27.2,,Fixation
800.1716, 575.0778,TRUE,7,43:27.2,,Fixation
784.7729, 560.2448,TRUE,7,43:27.3,,Fixation
769.8168, 577.2686,TRUE,7,43:27.3,,Fixation
794.1307, 569.8633,TRUE,7,43:27.3,,Fixation
774.8279, 565.3761,TRUE,7,43:27.4,,Fixation
784.1219, 585.6337,TRUE,7,43:27.4,,Fixation
805.3394, 541.1404,TRUE,7,43:27.5,,Fixation
781.985, 568.3856,TRUE,7,43:27.5,,Fixation
806.0465, 580.2384,TRUE,7,43:27.5,,Fixation
801.7958, 541.5752,TRUE,7,43:27.6,,Fixation
796.4102, 551.345,TRUE,7,43:27.6,,Fixation
967.7825, 537.7082,FALSE,7,43:27.6,,Saccade
802.3392, 570.5546,TRUE,7,43:27.6,,Fixation
969.5338, 530.4475,FALSE,7,43:27.6,,Saccade
987.1589, 543.7678,FALSE,7,43:27.7,,Saccade
983.0682, 547.9224,FALSE,7,43:27.7,,Saccade
997.6141, 547.5825,FALSE,7,43:27.7,,Saccade
996.501, 519.1898,FALSE,7,43:27.7,,Saccade
987.6674, 554.7751,TRUE,7,43:27.7,,Fixation
992.158, 515.684,TRUE,7,43:27.8,,Fixation
988.0508, 531.6208,TRUE,7,43:27.8,,Fixation
979.8966, 546.1197,TRUE,7,43:27.9,,Fixation
1017.2354, 526.5968,TRUE,7,43:27.9,,Fixation
985.5367, 537.8541,TRUE,7,43:27.9,,Fixation
1010.4393, 530.0869,TRUE,7,43:27.9,,Fixation
949.011, 537.6471,TRUE,7,43:27.9,,Fixation
808.6331, 441.1207,FALSE,7,43:28.0,,Fixation
763.8936, 452.3719,FALSE,7,43:28.0,,Fixation
764.0959, 426.3962,FALSE,7,43:28.0,,Fixation
767.2072, 427.3569,FALSE,7,43:28.0,,Fixation
764.4222, 449.7455,FALSE,7,43:28.0,,Fixation
751.8983, 464.9665,TRUE,7,43:28.1,,Fixation
766.7756, 449.0361,TRUE,7,43:28.1,,Fixation
755.6857, 447.3041,TRUE,7,43:28.1,,Fixation
746.9559, 445.49,TRUE,7,43:28.2,,Fixation
786.0037, 431.3575,TRUE,7,43:28.2,,Fixation
770.9032, 447.8614,TRUE,7,43:28.2,,Fixation
775.0836, 430.6655,TRUE,7,43:28.3,,Fixation
776.5823, 422.2774,TRUE,7,43:28.3,,Fixation
780.9867, 442.8127,TRUE,7,43:28.4,,Fixation
790.8762, 444.9796,TRUE,7,43:28.4,,Fixation
779.3914, 443.9567,TRUE,7,43:28.4,,Fixation
802.5621, 419.7154,TRUE,7,43:28.4,,Fixation
772.9269, 437.1094,TRUE,7,43:28.5,,Fixation
772.5356, 421.2039,TRUE,7,43:28.5,,Fixation
769.6464, 443.8011,TRUE,7,43:28.5,,Fixation
788.2755, 435.3674,TRUE,7,43:28.5,,Fixation
778.865, 454.7032,TRUE,7,43:28.5,,Fixation
775.106, 447.2343,TRUE,7,43:28.5,,Fixation
791.8448, 435.9715,TRUE,7,43:28.6,,Fixation
755.7291, 418.1212,TRUE,7,43:28.6,,Fixation
780.4757, 430.9909,TRUE,7,43:28.6,,Fixation
785.8507, 442.9413,TRUE,7,43:28.6,,Fixation
760.2582, 458.3547,TRUE,7,43:28.7,,Fixation
757.3079, 429.2551,TRUE,7,43:28.7,,Fixation
789.8844, 449.8576,TRUE,7,43:28.7,,Fixation
775.5762, 422.06,TRUE,7,43:28.7,,Fixation
773.5723, 459.4333,TRUE,7,43:28.8,,Fixation
783.4211, 438.8396,TRUE,7,43:28.8,,Fixation
767.7036, 432.9582,TRUE,7,43:28.9,,Fixation
767.4852, 454.7811,TRUE,7,43:28.9,,Fixation
798.3346, 408.6331,TRUE,7,43:28.9,,Fixation
801.9917, 449.1805,TRUE,7,43:28.9,,Fixation
782.4078, 451.7418,TRUE,7,43:28.9,,Fixation
785.4838, 449.5122,TRUE,7,43:28.9,,Fixation
773.2439, 440.7583,TRUE,7,43:29.0,,Fixation
784.538, 456.9686,TRUE,7,43:29.0,,Fixation
786.5132, 444.5405,TRUE,7,43:29.0,,Fixation
773.421, 444.3436,TRUE,7,43:29.1,,Fixation
792.83, 463.5148,TRUE,7,43:29.1,,Fixation
786.9476, 437.3497,TRUE,7,43:29.1,,Fixation
772.6202, 455.2843,TRUE,7,43:29.1,,Fixation
777.8377, 467.1113,TRUE,7,43:29.1,,Fixation
779.8619, 457.1309,TRUE,7,43:29.2,,Fixation
768.3951, 448.4967,TRUE,7,43:29.2,,Fixation
771.6251, 442.3379,TRUE,7,43:29.2,,Fixation
769.7437, 449.8088,TRUE,7,43:29.3,,Fixation
776.812, 465.9594,TRUE,7,43:29.3,,Fixation
775.7653, 434.7961,TRUE,7,43:29.3,,Fixation
764.7722, 464.0403,TRUE,7,43:29.3,,Fixation
782.5901, 462.2749,TRUE,7,43:29.3,,Fixation
772.1046, 458.8804,TRUE,7,43:29.3,,Fixation
780.6328, 449.2962,TRUE,7,43:29.4,,Fixation
805.6972, 423.2777,TRUE,7,43:29.4,,Fixation
765.9388, 463.2815,TRUE,7,43:29.4,,Fixation
773.0287, 451.1416,TRUE,7,43:29.5,,Fixation
759.0951, 450.4557,TRUE,7,43:29.5,,Fixation
767.8795, 461.6015,TRUE,7,43:29.5,,Fixation
761.5719, 426.0854,TRUE,7,43:29.5,,Fixation
773.099, 426.5438,TRUE,7,43:29.6,,Fixation
769.4878, 439.8687,TRUE,7,43:29.6,,Fixation
764.5723, 448.5313,TRUE,7,43:29.6,,Fixation
770.4545, 472.6586,TRUE,7,43:29.6,,Fixation
786.0819, 425.6028,TRUE,7,43:29.7,,Fixation
763.5685, 463.3662,TRUE,7,43:29.7,,Fixation
785.9249, 454.0903,TRUE,7,43:29.7,,Fixation
752.5544, 465.9082,TRUE,7,43:29.7,,Fixation
763.9264, 475.3711,TRUE,7,43:29.7,,Fixation
752.4702, 468.1141,TRUE,7,43:29.8,,Fixation
756.5731, 458.3458,TRUE,7,43:29.8,,Fixation
800.2007, 462.9047,TRUE,7,43:29.8,,Fixation
772.76, 432.2135,TRUE,7,43:29.8,,Fixation
857.8238, 488.3112,TRUE,7,43:29.8,,Fixation
851.9822, 475.6978,TRUE,7,43:29.9,,Fixation
837.4669, 464.376,TRUE,7,43:29.9,,Fixation
857.2178, 460.3569,TRUE,7,43:29.9,,Fixation
836.5352, 470.4001,TRUE,7,43:29.9,,Fixation
846.824, 465.2056,TRUE,7,43:29.9,,Fixation
837.0802, 477.3233,TRUE,7,43:29.9,,Fixation
839.4624, 473.6123,TRUE,7,43:30.0,,Fixation
842.9655, 483.4093,TRUE,7,43:30.0,,Fixation
847.8357, 495.2572,TRUE,7,43:30.0,,Fixation
832.839, 477.4229,TRUE,7,43:30.0,,Fixation
829.3834, 484.5251,TRUE,7,43:30.1,,Fixation
842.3925, 483.7368,TRUE,7,43:30.1,,Fixation
842.8917, 476.916,TRUE,7,43:30.1,,Fixation
840.0524, 489.1738,TRUE,7,43:30.2,,Fixation
848.3591, 457.7543,TRUE,7,43:30.2,,Fixation
828.0404, 484.0188,TRUE,7,43:30.2,,Fixation
639.4798, 542.8264,FALSE,7,43:30.2,,Saccade
647.0691, 563.3039,FALSE,7,43:30.3,,Saccade
626.6483, 541.0469,FALSE,7,43:30.3,,Saccade
636.5083, 543.5164,FALSE,7,43:30.3,,Saccade
631.4603, 569.935,FALSE,7,43:30.3,,Saccade
626.549, 567.3411,FALSE,7,43:30.3,,Saccade
616.3298, 549.5082,TRUE,7,43:30.4,,Fixation
631.2198, 554.2415,TRUE,7,43:30.4,,Fixation
641.1266, 565.8459,TRUE,7,43:30.4,,Fixation
626.0072, 573.5972,TRUE,7,43:30.4,,Fixation
618.7618, 564.6984,TRUE,7,43:30.4,,Fixation
617.4099, 539.1202,TRUE,7,43:30.4,,Fixation
622.9025, 561.606,TRUE,7,43:30.5,,Fixation
633.5437, 586.9899,TRUE,7,43:30.5,,Fixation
608.8392, 579.9928,TRUE,7,43:30.5,,Fixation
626.2253, 566.7952,TRUE,7,43:30.5,,Fixation
656.5731, 565.0135,TRUE,7,43:30.5,,Fixation
847.5076, 523.1602,FALSE,7,43:30.6,,Fixation
759.6678, 527.9624,TRUE,7,43:30.5,,Fixation
814.5367, 530.5059,FALSE,7,43:30.6,,Saccade
806.2967, 533.757,FALSE,7,43:30.6,,Saccade
807.7843, 531.9779,FALSE,7,43:30.6,,Saccade
824.5792, 544.2609,FALSE,7,43:30.6,,Saccade
821.7002, 535.3051,FALSE,7,43:30.7,,Saccade
824.5792, 544.2609,TRUE,7,43:30.7,,Fixation
821.3146, 512.8831,TRUE,7,43:30.7,,Fixation
820.7728, 523.765,TRUE,7,43:30.7,,Fixation
819.5707, 525.931,TRUE,7,43:30.7,,Fixation
812.4396, 544.4239,TRUE,7,43:30.7,,Fixation
815.6884, 539.1269,TRUE,7,43:30.8,,Fixation
811.5292, 525.6578,TRUE,7,43:30.8,,Fixation
828.8179, 531.2047,TRUE,7,43:30.8,,Fixation
830.9679, 518.4698,TRUE,7,43:30.8,,Fixation
817.9799, 524.8912,TRUE,7,43:30.8,,Fixation
807.6744, 543.5841,TRUE,7,43:30.8,,Fixation
818.9338, 518.6992,TRUE,7,43:30.9,,Fixation
822.7574, 524.8865,TRUE,7,43:31.0,,Fixation
805.422, 532.537,TRUE,7,43:31.0,,Fixation
824.8143, 528.1606,TRUE,7,43:31.1,,Fixation
824.3792, 521.9514,TRUE,7,43:31.1,,Fixation
945.2856, 524.8649,TRUE,4,43:31.4,,Fixation
832.3208, 508.4802,TRUE,7,43:31.4,,Fixation
834.9308, 490.8262,TRUE,7,43:31.5,,Fixation
821.131, 480.3424,TRUE,7,43:31.6,,Fixation
850.9714, 513.6537,TRUE,7,43:31.6,,Fixation
851.5081, 490.2372,TRUE,7,43:31.6,,Fixation
837.4539, 487.9993,TRUE,7,43:31.6,,Fixation
819.7675, 497.7992,TRUE,7,43:31.6,,Fixation
833.6477, 499.1181,TRUE,7,43:31.7,,Fixation
840.1892, 500.3131,TRUE,7,43:31.7,,Fixation
831.0258, 494.1124,TRUE,7,43:31.7,,Fixation
834.3218, 516.4518,TRUE,7,43:31.7,,Fixation
839.4819, 503.4758,TRUE,7,43:31.8,,Fixation
830.3488, 473.3141,TRUE,7,43:31.8,,Fixation
825.5007, 486.5204,TRUE,7,43:31.8,,Fixation
844.2502, 465.1881,TRUE,7,43:31.9,,Fixation
836.2018, 517.3616,TRUE,7,43:31.9,,Fixation
830.7938, 507.8678,TRUE,7,43:31.9,,Fixation
753.9205, 468.6216,TRUE,7,43:32.0,,Fixation
783.1067, 504.7825,TRUE,7,43:32.0,,Fixation
766.4817, 484.6962,TRUE,7,43:32.0,,Fixation
744.1902, 491.8909,TRUE,7,43:32.0,,Fixation
745.7125, 501.4931,TRUE,7,43:32.0,,Fixation
747.099, 483.0544,FALSE,7,43:32.1,,Saccade
749.6031, 482.0513,FALSE,7,43:32.1,,Saccade
743.1144, 496.8315,FALSE,7,43:32.2,,Saccade
763.9183, 517.3716,FALSE,7,43:32.2,,Saccade
772.3176, 667.5869,FALSE,7,43:32.3,,Saccade
697.7229, 786.1653,FALSE,7,43:32.3,,Saccade
747.6116, 831.1652,FALSE,7,43:32.3,,Saccade
739.9633, 842.4395,FALSE,7,43:32.4,,Saccade
744.2161, 822.1004,FALSE,7,43:32.4,,Saccade
737.9276, 829.7958,FALSE,7,43:32.4,,Saccade
743.0626, 557.9668,FALSE,7,43:32.5,,Saccade
743.2231, 341.4943,FALSE,7,43:32.5,,Fixation
742.9821, 315.3253,FALSE,7,43:32.5,,Fixation
746.375, 282.3927,FALSE,7,43:32.5,,Fixation
735.5331, 300.5829,FALSE,7,43:32.6,,Fixation
744.5996, 290.7275,FALSE,7,43:32.6,,Fixation
730.9741, 280.0791,FALSE,7,43:32.7,,Fixation
729.279, 304.1291,FALSE,7,43:32.8,,Fixation
740.0215, 278.7155,FALSE,7,43:32.7,,Fixation
723.4506, 310.186,FALSE,7,43:32.8,,Fixation
735.8, 294.3668,FALSE,7,43:32.8,,Fixation
752.6257, 282.6985,TRUE,7,43:32.9,,Fixation
734.3729, 277.5263,TRUE,7,43:32.9,,Fixation
732.1173, 288.6541,TRUE,7,43:32.9,,Fixation
725.3127, 311.2316,TRUE,7,43:32.9,,Fixation
581.2109, 437.283,FALSE,7,43:32.9,,Saccade
489.0682, 582.8467,FALSE,7,43:33.0,,Saccade
472.9916, 668.9457,FALSE,7,43:33.0,,Fixation
462.8227, 690.5055,FALSE,7,43:33.0,,Fixation
467.6049, 659.9442,FALSE,7,43:33.0,,Fixation
460.1644, 696.6813,FALSE,7,43:33.0,,Fixation
466.2094, 686.2369,FALSE,7,43:33.1,,Fixation
461.304, 702.0507,FALSE,7,43:33.1,,Fixation
492.8745, 671.6371,FALSE,7,43:33.1,,Fixation
485.9915, 687.9493,FALSE,7,43:33.1,,Fixation
474.5079, 698.4954,TRUE,7,43:33.2,,Fixation
473.918, 681.9539,TRUE,7,43:33.2,,Fixation
477.8663, 639.7161,TRUE,7,43:33.2,,Fixation
459.7369, 632.2473,TRUE,7,43:33.2,,Fixation
484.5779, 631.0952,TRUE,7,43:33.3,,Fixation
489.2451, 638.9051,TRUE,7,43:33.4,,Fixation
476.1383, 629.7448,TRUE,7,43:33.4,,Fixation
497.6188, 605.0255,TRUE,7,43:33.4,,Fixation
471.8703, 651.6133,TRUE,7,43:33.4,,Fixation
477.3109, 643.2226,TRUE,7,43:33.4,,Fixation
476.4177, 639.4374,TRUE,7,43:33.5,,Fixation
470.3213, 643.9523,TRUE,7,43:33.5,,Fixation
326.1199, 456.4001,FALSE,7,43:33.5,,Saccade
348.3242, 451.6787,FALSE,7,43:33.5,,Saccade
323.8669, 483.6384,FALSE,7,43:33.6,,Saccade
347.087, 497.8038,TRUE,7,43:33.7,,Fixation
339.6018, 470.5519,TRUE,7,43:33.7,,Fixation
332.2062, 474.6632,TRUE,7,43:33.7,,Fixation
264.1461, 471.1562,TRUE,7,43:33.7,,Fixation
208.2523, 420.3248,TRUE,7,43:33.7,,Fixation
173.0588, 435.8978,FALSE,7,43:33.8,,Fixation
180.2939, 419.2546,FALSE,7,43:33.8,,Fixation
183.6268, 416.627,FALSE,7,43:33.8,,Fixation
188.1213, 396.9848,FALSE,7,43:33.8,,Fixation
178.6345, 437.827,FALSE,7,43:33.9,,Fixation
161.3177, 415.5959,FALSE,7,43:33.9,,Fixation
167.1714, 407.555,TRUE,7,43:33.9,,Fixation
188.7728, 396.5117,TRUE,7,43:34.0,,Fixation
171.89, 411.3269,TRUE,7,43:34.0,,Fixation
188.8005, 438.5558,TRUE,7,43:34.0,,Fixation
179.1606, 407.6595,TRUE,7,43:34.0,,Fixation
159.1658, 406.9364,TRUE,7,43:34.0,,Fixation
177.9652, 431.9988,TRUE,7,43:34.0,,Fixation
180.9922, 434.9498,TRUE,7,43:34.1,,Fixation
172.9089, 410.1642,TRUE,7,43:34.1,,Fixation
169.336, 427.738,TRUE,7,43:34.1,,Fixation
168.3095, 410.4078,TRUE,7,43:34.1,,Fixation
159.6616, 404.7538,TRUE,7,43:34.1,,Fixation
168.3114, 398.6109,TRUE,7,43:34.2,,Fixation
163.0049, 386.6466,TRUE,7,43:34.2,,Fixation
185.3879, 399.7133,TRUE,7,43:34.2,,Fixation
169.6968, 407.0192,TRUE,7,43:34.2,,Fixation
336.0725, 413.433,FALSE,7,43:34.3,,Saccade
684.4899, 445.2915,FALSE,7,43:34.3,,Saccade
988.729, 452.1234,FALSE,7,43:34.3,,Saccade
1195.501, 482.7774,FALSE,7,43:34.3,,Saccade
1259.1514, 473.9098,FALSE,7,43:34.3,,Saccade
1247.9956, 495.0541,FALSE,7,43:34.4,,Saccade
1242.2006, 486.4478,FALSE,7,43:34.4,,Saccade
1256.0947, 497.8134,FALSE,7,43:34.4,,Saccade
1242.2006, 486.4478,FALSE,7,43:34.4,,Saccade
1251.145, 486.7645,FALSE,7,43:34.4,,Saccade
1256.8718, 492.3679,FALSE,7,43:34.4,,Saccade
1260.1638, 499.9898,TRUE,7,43:34.5,,Fixation
1274.9875, 492.2284,TRUE,7,43:34.5,,Fixation
1265.7261, 501.2476,TRUE,7,43:34.6,,Fixation
1259.9341, 495.5237,TRUE,7,43:34.6,,Fixation
1264.4707, 460.1611,TRUE,7,43:34.6,,Fixation
1248.6591, 492.9598,TRUE,7,43:34.6,,Fixation
1252.6465, 497.1743,TRUE,7,43:34.6,,Fixation
1250.2057, 479.1733,TRUE,7,43:34.7,,Fixation
1255.4634, 477.4993,TRUE,7,43:34.7,,Fixation
1255.6238, 502.0686,TRUE,7,43:34.7,,Fixation
1269.2126, 503.2616,TRUE,7,43:34.7,,Fixation
1263.1729, 495.9927,TRUE,7,43:34.7,,Fixation
1258.6735, 456.2212,TRUE,7,43:34.8,,Fixation
1259.1604, 494.8752,TRUE,7,43:34.8,,Fixation
1432.8929, 678.2128,FALSE,7,43:34.8,,Fixation
1397.5353, 694.4958,FALSE,7,43:34.9,,Fixation
1397.437, 702.3212,FALSE,7,43:34.9,,Fixation
1407.6824, 707.628,FALSE,7,43:34.9,,Fixation
1407.302, 715.5052,TRUE,7,43:35.0,,Fixation
1386.3794, 715.6544,FALSE,7,43:34.9,,Saccade
1145.4744, 731.2936,FALSE,7,43:35.0,,Saccade
823.9608, 730.8774,FALSE,7,43:35.0,,Saccade
291.8417, 723.7306,FALSE,7,43:35.0,,Fixation
286.7071, 725.0327,FALSE,7,43:35.0,,Fixation
281.6466, 738.0623,FALSE,7,43:35.1,,Fixation
281.6807, 720.2808,FALSE,7,43:35.1,,Fixation
271.9886, 727.7886,FALSE,7,43:35.1,,Fixation
273.0755, 730.4315,FALSE,7,43:35.1,,Fixation
264.1794, 725.3934,FALSE,7,43:35.2,,Fixation
277.0568, 732.2063,FALSE,7,43:35.2,,Fixation
277.5263, 725.9802,FALSE,7,43:35.2,,Fixation
274.8657, 743.3474,FALSE,7,43:35.2,,Fixation
281.3288, 706.8149,TRUE,7,43:35.2,,Fixation
246.8849, 718.0258,TRUE,7,43:35.3,,Fixation
264.301, 732.404,TRUE,7,43:35.3,,Fixation
614.6453, 617.5858,FALSE,7,43:35.4,,Saccade
631.0627, 592.9713,FALSE,7,43:35.4,,Saccade
638.29, 591.5156,FALSE,7,43:35.4,,Saccade
692.5639, 629.245,FALSE,4,43:35.5,,Saccade
1478.0028, 614.9105,FALSE,4,43:35.6,,Saccade
1451.8656, 631.1504,FALSE,4,43:35.7,,Saccade
1214.6663, 601.2461,FALSE,7,43:35.9,,Saccade
1234.0378, 602.2015,FALSE,7,43:35.9,,Saccade
1220.5175, 596.0897,FALSE,7,43:35.9,,Saccade
1244.8552, 592.6674,FALSE,7,43:35.9,,Saccade
1220.606, 574.1715,FALSE,7,43:36.0,,Fixation
1208.4697, 590.6946,FALSE,7,43:36.0,,Fixation
1221.9077, 581.7411,FALSE,7,43:36.0,,Fixation
1213.1538, 593.0407,FALSE,7,43:36.0,,Fixation
1200.8201, 596.9297,FALSE,7,43:36.1,,Fixation
1128.6094, 603.4646,TRUE,7,43:36.1,,Fixation
802.4412, 644.46,FALSE,7,43:36.1,,Saccade
678.8643, 659.7011,FALSE,7,43:36.1,,Saccade
697.1807, 659.0649,FALSE,7,43:36.1,,Saccade
696.8041, 655.4757,FALSE,7,43:36.2,,Saccade
670.8891, 669.4454,FALSE,7,43:36.2,,Saccade
679.8563, 636.8384,TRUE,7,43:36.2,,Fixation
688.6233, 639.4696,TRUE,7,43:36.2,,Fixation
677.6394, 646.2009,TRUE,7,43:36.3,,Fixation
661.8481, 649.1514,TRUE,7,43:36.3,,Fixation
685.2457, 640.547,TRUE,7,43:36.3,,Fixation
687.793, 644.4078,TRUE,7,43:36.3,,Fixation
684.3102, 648.3253,TRUE,7,43:36.3,,Fixation
709.1836, 661.5874,TRUE,7,43:36.4,,Fixation
683.4606, 654.2908,TRUE,7,43:36.4,,Fixation
693.4714, 636.4604,TRUE,7,43:36.4,,Fixation
690.3567, 640.5657,TRUE,7,43:36.5,,Fixation
700.2661, 635.9924,TRUE,7,43:36.5,,Fixation
754.4846, 598.3781,TRUE,7,43:36.5,,Fixation
776.8455, 568.3853,TRUE,7,43:36.5,,Fixation
772.9614, 568.7942,TRUE,7,43:36.6,,Fixation
786.8243, 579.8011,TRUE,7,43:36.6,,Fixation
771.0129, 565.7436,TRUE,7,43:36.6,,Fixation
751.5952, 593.7328,TRUE,7,43:36.7,,Fixation
779.0319, 573.9861,TRUE,7,43:36.7,,Fixation
759.5087, 581.6962,TRUE,7,43:36.7,,Fixation
755.0253, 556.6276,TRUE,7,43:36.7,,Fixation
765.0452, 589.5446,TRUE,7,43:36.8,,Fixation
764.2411, 558.0342,TRUE,7,43:36.8,,Fixation
773.9036, 555.6533,TRUE,7,43:36.8,,Fixation
807.6477, 281.5202,FALSE,7,43:36.8,,Saccade
796.4291, 84.0542,FALSE,7,43:36.9,,Saccade
793.4315, 113.3447,FALSE,7,43:36.9,,Saccade
786.6782, 85.7135,FALSE,7,43:36.9,,Saccade
775.1382, 116.0318,FALSE,7,43:37.0,,Saccade
779.7042, 122.3002,FALSE,7,43:37.0,,Saccade
654.1066, 393.0531,FALSE,7,43:37.0,,Saccade
565.8102, 651.572,FALSE,7,43:37.0,,Saccade
519.999, 689.6587,FALSE,4,43:37.1,,Saccade
510.3395, 701.4695,FALSE,4,43:37.1,,Saccade
705.3406, 726.013,FALSE,4,43:37.1,,Saccade
705.3406, 726.013,FALSE,4,43:37.1,,Saccade
839.8769, 661.2639,FALSE,4,43:37.4,,Saccade
818.0092, 680.4552,FALSE,4,43:37.6,,Saccade
830.9987, 695.3391,FALSE,4,43:37.6,,Saccade
813.5798, 676.1832,FALSE,4,43:37.6,,Saccade
842.1119, 662.6248,FALSE,4,43:37.7,,Saccade
829.2401, 673.1992,TRUE,4,43:37.8,,Fixation
843.4501, 676.8857,TRUE,4,43:37.8,,Fixation
717.889, 663.6223,TRUE,7,43:38.0,,Fixation
704.8346, 669.2992,TRUE,7,43:38.0,,Fixation
828.5469, 685.1079,TRUE,4,43:37.9,,Fixation
730.3783, 669.3419,TRUE,7,43:38.0,,Fixation
718.0879, 684.6895,TRUE,7,43:38.1,,Fixation
698.8961, 666.913,TRUE,7,43:38.0,,Fixation
708.3683, 643.8784,TRUE,7,43:38.1,,Fixation
703.7032, 688.6791,TRUE,7,43:38.1,,Fixation
722.8962, 669.7263,TRUE,7,43:38.1,,Fixation
677.8091, 633.2036,TRUE,7,43:38.1,,Fixation
650.0137, 623.1016,TRUE,7,43:38.2,,Fixation
654.1954, 633.8661,TRUE,7,43:38.2,,Fixation
659.1938, 626.9935,TRUE,7,43:38.2,,Fixation
689.6483, 615.0505,TRUE,4,43:38.2,,Fixation
714.041, 597.1352,TRUE,4,43:38.2,,Fixation
688.4037, 612.2607,TRUE,4,43:38.3,,Fixation
901.3228, 759.1229,FALSE,4,43:38.7,,Saccade
910.0817, 759.1755,FALSE,4,43:38.7,,Saccade
900.0142, 733.9191,FALSE,4,43:38.8,,Saccade
773.6836, 610.6157,FALSE,4,43:38.8,,Fixation
826.7128, 564.9831,FALSE,4,43:38.9,,Fixation
802.1364, 567.2241,FALSE,4,43:38.9,,Fixation
818.4462, 584.2388,TRUE,4,43:38.9,,Fixation
801.7571, 577.3646,FALSE,4,43:39.0,,Saccade
817.6911, 553.8868,FALSE,4,43:39.1,,Saccade
702.3526, 554.6965,FALSE,7,43:39.1,,Saccade
726.478, 562.9919,FALSE,7,43:39.1,,Saccade
711.9946, 573.8768,FALSE,7,43:39.2,,Saccade
913.2014, 651.6748,FALSE,4,43:39.3,,Saccade
979.3704, 601.8899,FALSE,4,43:39.4,,Saccade
824.4197, 553.8148,FALSE,7,43:39.5,,Fixation
825.5137, 557.005,FALSE,7,43:39.5,,Fixation
853.7765, 561.6331,FALSE,7,43:39.5,,Fixation
832.6135, 548.7322,TRUE,7,43:39.6,,Fixation
26.1285, 881.7258,FALSE,4,43:39.6,,Saccade
27.6157, 812.5881,FALSE,4,43:39.6,,Saccade
9.9615, 409.2994,FALSE,4,43:39.8,,Saccade
814.67, 386.0446,FALSE,4,43:41.0,,Saccade
768.363, 252.7885,FALSE,4,43:41.2,,Saccade
806.8875, 266.4248,FALSE,4,43:41.2,,Saccade
755.9518, 280.503,FALSE,4,43:41.3,,Saccade
