BlinkType,TimeTracker
NormalBlink,2016-04-21 18:27:43.402
NormalBlink,2016-04-21 18:27:43.568
NormalBlink,2016-04-21 18:27:45.050
NormalBlink,2016-04-21 18:27:45.266
NormalBlink,2016-04-21 18:27:45.683
NormalBlink,2016-04-21 18:27:45.916
NormalBlink,2016-04-21 18:27:46.166
NormalBlink,2016-04-21 18:27:49.229
NormalBlink,2016-04-21 18:27:49.711
NormalBlink,2016-04-21 18:27:51.509
NormalBlink,2016-04-21 18:27:54.073
NormalBlink,2016-04-21 18:27:55.688
NormalBlink,2016-04-21 18:27:57.436
NormalBlink,2016-04-21 18:27:57.902
NormalBlink,2016-04-21 18:27:58.152
NormalBlink,2016-04-21 18:27:58.934
NormalBlink,2016-04-21 18:27:59.351
NormalBlink,2016-04-21 18:27:59.900
NormalBlink,2016-04-21 18:28:00.216
NormalBlink,2016-04-21 18:28:00.384
NormalBlink,2016-04-21 18:28:00.950
NormalBlink,2016-04-21 18:28:01.100
NormalBlink,2016-04-21 18:28:01.399
NormalBlink,2016-04-21 18:28:01.882
NormalBlink,2016-04-21 18:28:03.547
NormalBlink,2016-04-21 18:28:04.096
NormalBlink,2016-04-21 18:28:04.346
NormalBlink,2016-04-21 18:28:05.045
NormalBlink,2016-04-21 18:28:06.393
NormalBlink,2016-04-21 18:28:07.276
NormalBlink,2016-04-21 18:28:07.509
NormalBlink,2016-04-21 18:28:08.142
NormalBlink,2016-04-21 18:28:09.257
NormalBlink,2016-04-21 18:28:09.723
NormalBlink,2016-04-21 18:28:10.289
NormalBlink,2016-04-21 18:28:10.505
NormalBlink,2016-04-21 18:28:12.204
NormalBlink,2016-04-21 18:28:13.169
NormalBlink,2016-04-21 18:28:14.018
NormalBlink,2016-04-21 18:28:14.185
NormalBlink,2016-04-21 18:28:15.333
NormalBlink,2016-04-21 18:28:18.680
NormalBlink,2016-04-21 18:28:18.880
NormalBlink,2016-04-21 18:28:19.330
NormalBlink,2016-04-21 18:28:19.596
NormalBlink,2016-04-21 18:28:20.262
NormalBlink,2016-04-21 18:28:20.412
NormalBlink,2016-04-21 18:28:20.529
NormalBlink,2016-04-21 18:28:20.861
NormalBlink,2016-04-21 18:28:21.161
NormalBlink,2016-04-21 18:28:21.477
NormalBlink,2016-04-21 18:28:21.710
NormalBlink,2016-04-21 18:28:21.860
NormalBlink,2016-04-21 18:28:22.176
NormalBlink,2016-04-21 18:28:22.476
NormalBlink,2016-04-21 18:28:23.159
NormalBlink,2016-04-21 18:28:23.458
NormalBlink,2016-04-21 18:28:23.725
NormalBlink,2016-04-21 18:28:24.008
NormalBlink,2016-04-21 18:28:24.457
NormalBlink,2016-04-21 18:28:24.624
NormalBlink,2016-04-21 18:28:25.723
NormalBlink,2016-04-21 18:28:27.304
NormalBlink,2016-04-21 18:28:27.853
NormalBlink,2016-04-21 18:28:28.836
NormalBlink,2016-04-21 18:28:29.635
NormalBlink,2016-04-21 18:28:29.885
NormalBlink,2016-04-21 18:28:30.018
NormalBlink,2016-04-21 18:28:30.400
NormalBlink,2016-04-21 18:28:30.600
NormalBlink,2016-04-21 18:28:30.700
NormalBlink,2016-04-21 18:28:30.900
NormalBlink,2016-04-21 18:28:31.333
NormalBlink,2016-04-21 18:28:31.649
NormalBlink,2016-04-21 18:28:31.983
NormalBlink,2016-04-21 18:28:32.182
NormalBlink,2016-04-21 18:28:32.448
NormalBlink,2016-04-21 18:28:32.731
NormalBlink,2016-04-21 18:28:33.114
NormalBlink,2016-04-21 18:28:33.381
NormalBlink,2016-04-21 18:28:34.046
NormalBlink,2016-04-21 18:28:34.113
NormalBlink,2016-04-21 18:28:34.296
NormalBlink,2016-04-21 18:28:34.380
NormalBlink,2016-04-21 18:28:34.463
NormalBlink,2016-04-21 18:28:34.629
NormalBlink,2016-04-21 18:28:34.729
NormalBlink,2016-04-21 18:28:35.297
NormalBlink,2016-04-21 18:28:35.462
NormalBlink,2016-04-21 18:28:35.629
NormalBlink,2016-04-21 18:28:35.879
NormalBlink,2016-04-21 18:28:36.062
NormalBlink,2016-04-21 18:28:36.378
NormalBlink,2016-04-21 18:28:37.460
NormalBlink,2016-04-21 18:28:37.677
NormalBlink,2016-04-21 18:28:37.843
NormalBlink,2016-04-21 18:28:38.262
NormalBlink,2016-04-21 18:28:38.359
NormalBlink,2016-04-21 18:28:38.759
NormalBlink,2016-04-21 18:28:38.892
NormalBlink,2016-04-21 18:28:39.474
NormalBlink,2016-04-21 18:28:39.924
NormalBlink,2016-04-21 18:28:40.175
NormalBlink,2016-04-21 18:28:40.490
NormalBlink,2016-04-21 18:28:40.923
NormalBlink,2016-04-21 18:28:41.248
NormalBlink,2016-04-21 18:28:41.323
NormalBlink,2016-04-21 18:28:41.539
NormalBlink,2016-04-21 18:28:42.089
NormalBlink,2016-04-21 18:28:42.342
NormalBlink,2016-04-21 18:28:43.620
NormalBlink,2016-04-21 18:28:43.969
NormalBlink,2016-04-21 18:28:44.319
NormalBlink,2016-04-21 18:28:45.068
NormalBlink,2016-04-21 18:28:45.157
NormalBlink,2016-04-21 18:28:46.634
NormalBlink,2016-04-21 18:28:47.032
NormalBlink,2016-04-21 18:28:47.199
NormalBlink,2016-04-21 18:28:47.382
NormalBlink,2016-04-21 18:28:47.568
NormalBlink,2016-04-21 18:28:47.715
NormalBlink,2016-04-21 18:28:47.799
NormalBlink,2016-04-21 18:28:47.998
NormalBlink,2016-04-21 18:28:48.081
NormalBlink,2016-04-21 18:28:48.199
NormalBlink,2016-04-21 18:28:48.664
NormalBlink,2016-04-21 18:28:49.381
NormalBlink,2016-04-21 18:28:49.597
NormalBlink,2016-04-21 18:28:49.880
NormalBlink,2016-04-21 18:28:49.963
NormalBlink,2016-04-21 18:28:50.412
NormalBlink,2016-04-21 18:28:50.595
NormalBlink,2016-04-21 18:28:50.745
NormalBlink,2016-04-21 18:28:50.862
NormalBlink,2016-04-21 18:28:51.194
NormalBlink,2016-04-21 18:28:51.411
NormalBlink,2016-04-21 18:28:52.310
NormalBlink,2016-04-21 18:28:52.494
NormalBlink,2016-04-21 18:28:53.010
NormalBlink,2016-04-21 18:28:54.542
NormalBlink,2016-04-21 18:28:55.459
NormalBlink,2016-04-21 18:28:57.056
NormalBlink,2016-04-21 18:28:57.155
NormalBlink,2016-04-21 18:28:57.389
NormalBlink,2016-04-21 18:28:58.290
NormalBlink,2016-04-21 18:28:58.454
NormalBlink,2016-04-21 18:28:58.537
NormalBlink,2016-04-21 18:28:58.670
NormalBlink,2016-04-21 18:28:59.087
NormalBlink,2016-04-21 18:28:59.387
NormalBlink,2016-04-21 18:28:59.521
NormalBlink,2016-04-21 18:28:59.669
NormalBlink,2016-04-21 18:28:59.952
NormalBlink,2016-04-21 18:29:00.119
NormalBlink,2016-04-21 18:29:00.586
NormalBlink,2016-04-21 18:29:00.751
NormalBlink,2016-04-21 18:29:01.517
NormalBlink,2016-04-21 18:29:01.983
NormalBlink,2016-04-21 18:29:02.366
NormalBlink,2016-04-21 18:29:02.483
NormalBlink,2016-04-21 18:29:02.750
NormalBlink,2016-04-21 18:29:02.849
NormalBlink,2016-04-21 18:29:02.982
NormalBlink,2016-04-21 18:29:03.332
NormalBlink,2016-04-21 18:29:03.665
NormalBlink,2016-04-21 18:29:03.748
NormalBlink,2016-04-21 18:29:04.247
NormalBlink,2016-04-21 18:29:04.330
NormalBlink,2016-04-21 18:29:04.714
NormalBlink,2016-04-21 18:29:04.797
NormalBlink,2016-04-21 18:29:04.897
NormalBlink,2016-04-21 18:29:05.396
NormalBlink,2016-04-21 18:29:05.746
NormalBlink,2016-04-21 18:29:05.979
NormalBlink,2016-04-21 18:29:06.095
NormalBlink,2016-04-21 18:29:06.894
NormalBlink,2016-04-21 18:29:07.627
NormalBlink,2016-04-21 18:29:08.592
NormalBlink,2016-04-21 18:29:08.709
NormalBlink,2016-04-21 18:29:08.826
NormalBlink,2016-04-21 18:29:08.993
NormalBlink,2016-04-21 18:29:09.192
NormalBlink,2016-04-21 18:29:10.442
NormalBlink,2016-04-21 18:29:10.641
NormalBlink,2016-04-21 18:29:11.174
NormalBlink,2016-04-21 18:29:11.407
NormalBlink,2016-04-21 18:29:11.557
NormalBlink,2016-04-21 18:29:11.740
NormalBlink,2016-04-21 18:29:12.073
NormalBlink,2016-04-21 18:29:12.473
NormalBlink,2016-04-21 18:29:12.556
NormalBlink,2016-04-21 18:29:12.988
NormalBlink,2016-04-21 18:29:14.037
NormalBlink,2016-04-21 18:29:14.220
NormalBlink,2016-04-21 18:29:14.553
NormalBlink,2016-04-21 18:29:14.770
NormalBlink,2016-04-21 18:29:14.954
NormalBlink,2016-04-21 18:29:15.119
NormalBlink,2016-04-21 18:29:15.220
NormalBlink,2016-04-21 18:29:15.352
NormalBlink,2016-04-21 18:29:15.419
NormalBlink,2016-04-21 18:29:15.502
NormalBlink,2016-04-21 18:29:15.702
NormalBlink,2016-04-21 18:29:15.885
NormalBlink,2016-04-21 18:29:16.119
NormalBlink,2016-04-21 18:29:16.537
NormalBlink,2016-04-21 18:29:16.651
NormalBlink,2016-04-21 18:29:16.868
NormalBlink,2016-04-21 18:29:17.402
NormalBlink,2016-04-21 18:29:17.484
NormalBlink,2016-04-21 18:29:17.650
NormalBlink,2016-04-21 18:29:17.751
NormalBlink,2016-04-21 18:29:18.116
NormalBlink,2016-04-21 18:29:18.216
NormalBlink,2016-04-21 18:29:18.799
NormalBlink,2016-04-21 18:29:18.883
NormalBlink,2016-04-21 18:29:18.965
NormalBlink,2016-04-21 18:29:19.431
NormalBlink,2016-04-21 18:29:19.531
NormalBlink,2016-04-21 18:29:19.731
NormalBlink,2016-04-21 18:29:19.847
NormalBlink,2016-04-21 18:29:20.347
NormalBlink,2016-04-21 18:29:20.530
NormalBlink,2016-04-21 18:29:20.847
NormalBlink,2016-04-21 18:29:21.132
NormalBlink,2016-04-21 18:29:21.279
NormalBlink,2016-04-21 18:29:21.562
NormalBlink,2016-04-21 18:29:21.829
NormalBlink,2016-04-21 18:29:22.061
NormalBlink,2016-04-21 18:29:22.711
NormalBlink,2016-04-21 18:29:22.994
NormalBlink,2016-04-21 18:29:23.161
NormalBlink,2016-04-21 18:29:23.476
NormalBlink,2016-04-21 18:29:24.009
NormalBlink,2016-04-21 18:29:24.226
NormalBlink,2016-04-21 18:29:24.609
NormalBlink,2016-04-21 18:29:24.678
NormalBlink,2016-04-21 18:29:24.826
NormalBlink,2016-04-21 18:29:25.075
NormalBlink,2016-04-21 18:29:25.408
NormalBlink,2016-04-21 18:29:25.558
NormalBlink,2016-04-21 18:29:26.079
NormalBlink,2016-04-21 18:29:26.493
NormalBlink,2016-04-21 18:29:26.606
NormalBlink,2016-04-21 18:29:26.940
NormalBlink,2016-04-21 18:29:27.027
NormalBlink,2016-04-21 18:29:27.223
NormalBlink,2016-04-21 18:29:27.674
NormalBlink,2016-04-21 18:29:27.973
NormalBlink,2016-04-21 18:29:28.456
NormalBlink,2016-04-21 18:29:28.821
NormalBlink,2016-04-21 18:29:28.938
NormalBlink,2016-04-21 18:29:29.154
NormalBlink,2016-04-21 18:29:29.504
NormalBlink,2016-04-21 18:29:29.688
NormalBlink,2016-04-21 18:29:29.904
NormalBlink,2016-04-21 18:29:30.020
NormalBlink,2016-04-21 18:29:30.287
NormalBlink,2016-04-21 18:29:30.403
NormalBlink,2016-04-21 18:29:30.554
NormalBlink,2016-04-21 18:29:30.736
NormalBlink,2016-04-21 18:29:30.953
NormalBlink,2016-04-21 18:29:31.053
NormalBlink,2016-04-21 18:29:31.152
NormalBlink,2016-04-21 18:29:31.469
NormalBlink,2016-04-21 18:29:31.735
NormalBlink,2016-04-21 18:29:32.602
NormalBlink,2016-04-21 18:29:33.100
NormalBlink,2016-04-21 18:29:33.216
NormalBlink,2016-04-21 18:29:33.333
NormalBlink,2016-04-21 18:29:33.549
NormalBlink,2016-04-21 18:29:33.799
NormalBlink,2016-04-21 18:29:33.966
NormalBlink,2016-04-21 18:29:34.082
NormalBlink,2016-04-21 18:29:34.149
NormalBlink,2016-04-21 18:29:34.282
LongBlink,2016-04-21 18:29:35.697
NormalBlink,2016-04-21 18:29:35.764
NormalBlink,2016-04-21 18:29:35.863
NormalBlink,2016-04-21 18:29:36.030
NormalBlink,2016-04-21 18:29:36.314
NormalBlink,2016-04-21 18:29:36.466
NormalBlink,2016-04-21 18:29:36.713
NormalBlink,2016-04-21 18:29:36.896
NormalBlink,2016-04-21 18:29:36.995
NormalBlink,2016-04-21 18:29:37.762
NormalBlink,2016-04-21 18:29:37.994
NormalBlink,2016-04-21 18:29:38.127
NormalBlink,2016-04-21 18:29:38.327
NormalBlink,2016-04-21 18:29:38.460
NormalBlink,2016-04-21 18:29:38.810
NormalBlink,2016-04-21 18:29:39.026
NormalBlink,2016-04-21 18:29:39.376
NormalBlink,2016-04-21 18:29:39.659
NormalBlink,2016-04-21 18:29:39.759
NormalBlink,2016-04-21 18:29:39.959
NormalBlink,2016-04-21 18:29:40.242
NormalBlink,2016-04-21 18:29:40.575
NormalBlink,2016-04-21 18:29:40.675
NormalBlink,2016-04-21 18:29:41.107
NormalBlink,2016-04-21 18:29:41.457
NormalBlink,2016-04-21 18:29:41.807
NormalBlink,2016-04-21 18:29:41.873
NormalBlink,2016-04-21 18:29:42.106
NormalBlink,2016-04-21 18:29:42.289
NormalBlink,2016-04-21 18:29:42.539
NormalBlink,2016-04-21 18:29:42.988
NormalBlink,2016-04-21 18:29:43.138
NormalBlink,2016-04-21 18:29:43.238
NormalBlink,2016-04-21 18:29:43.472
NormalBlink,2016-04-21 18:29:43.638
NormalBlink,2016-04-21 18:29:44.038
NormalBlink,2016-04-21 18:29:44.137
NormalBlink,2016-04-21 18:29:44.221
NormalBlink,2016-04-21 18:29:44.753
NormalBlink,2016-04-21 18:29:45.103
NormalBlink,2016-04-21 18:29:45.237
NormalBlink,2016-04-21 18:29:45.604
NormalBlink,2016-04-21 18:29:45.920
NormalBlink,2016-04-21 18:29:46.036
NormalBlink,2016-04-21 18:29:46.119
NormalBlink,2016-04-21 18:29:46.319
NormalBlink,2016-04-21 18:29:46.536
NormalBlink,2016-04-21 18:29:46.652
NormalBlink,2016-04-21 18:29:46.985
NormalBlink,2016-04-21 18:29:47.135
NormalBlink,2016-04-21 18:29:47.268
NormalBlink,2016-04-21 18:29:47.319
NormalBlink,2016-04-21 18:29:47.418
NormalBlink,2016-04-21 18:29:47.651
NormalBlink,2016-04-21 18:29:48.101
NormalBlink,2016-04-21 18:29:48.334
NormalBlink,2016-04-21 18:29:48.633
NormalBlink,2016-04-21 18:29:48.767
NormalBlink,2016-04-21 18:29:48.983
NormalBlink,2016-04-21 18:29:49.049
NormalBlink,2016-04-21 18:29:49.300
NormalBlink,2016-04-21 18:29:49.632
NormalBlink,2016-04-21 18:29:49.715
NormalBlink,2016-04-21 18:29:49.815
NormalBlink,2016-04-21 18:29:50.015
NormalBlink,2016-04-21 18:29:50.181
NormalBlink,2016-04-21 18:29:51.014
NormalBlink,2016-04-21 18:29:51.164
NormalBlink,2016-04-21 18:29:51.247
NormalBlink,2016-04-21 18:29:51.497
NormalBlink,2016-04-21 18:29:52.214
NormalBlink,2016-04-21 18:29:52.613
NormalBlink,2016-04-21 18:29:52.763
NormalBlink,2016-04-21 18:29:52.962
NormalBlink,2016-04-21 18:29:53.128
NormalBlink,2016-04-21 18:29:53.261
NormalBlink,2016-04-21 18:29:53.544
NormalBlink,2016-04-21 18:29:53.627
NormalBlink,2016-04-21 18:29:53.694
NormalBlink,2016-04-21 18:29:54.027
NormalBlink,2016-04-21 18:29:54.262
NormalBlink,2016-04-21 18:29:54.343
NormalBlink,2016-04-21 18:29:54.477
NormalBlink,2016-04-21 18:29:54.626
NormalBlink,2016-04-21 18:29:55.325
NormalBlink,2016-04-21 18:29:55.542
NormalBlink,2016-04-21 18:29:55.642
NormalBlink,2016-04-21 18:29:55.727
NormalBlink,2016-04-21 18:29:55.825
NormalBlink,2016-04-21 18:29:56.176
NormalBlink,2016-04-21 18:29:56.393
NormalBlink,2016-04-21 18:29:56.757
NormalBlink,2016-04-21 18:29:56.957
NormalBlink,2016-04-21 18:29:57.107
NormalBlink,2016-04-21 18:29:57.291
NormalBlink,2016-04-21 18:29:57.373
NormalBlink,2016-04-21 18:29:57.490
NormalBlink,2016-04-21 18:29:57.606
NormalBlink,2016-04-21 18:29:57.656
NormalBlink,2016-04-21 18:29:57.956
NormalBlink,2016-04-21 18:29:58.189
NormalBlink,2016-04-21 18:29:58.355
NormalBlink,2016-04-21 18:29:58.439
NormalBlink,2016-04-21 18:29:58.606
NormalBlink,2016-04-21 18:29:58.921
NormalBlink,2016-04-21 18:29:59.021
NormalBlink,2016-04-21 18:29:59.138
NormalBlink,2016-04-21 18:29:59.338
NormalBlink,2016-04-21 18:29:59.504
NormalBlink,2016-04-21 18:29:59.604
NormalBlink,2016-04-21 18:29:59.805
NormalBlink,2016-04-21 18:29:59.887
NormalBlink,2016-04-21 18:29:59.954
NormalBlink,2016-04-21 18:30:00.103
NormalBlink,2016-04-21 18:30:00.170
NormalBlink,2016-04-21 18:30:00.288
NormalBlink,2016-04-21 18:30:00.387
NormalBlink,2016-04-21 18:30:00.436
NormalBlink,2016-04-21 18:30:00.621
NormalBlink,2016-04-21 18:30:00.969
NormalBlink,2016-04-21 18:30:01.153
NormalBlink,2016-04-21 18:30:01.369
NormalBlink,2016-04-21 18:30:01.885
NormalBlink,2016-04-21 18:30:02.168
NormalBlink,2016-04-21 18:30:02.251
NormalBlink,2016-04-21 18:30:02.318
NormalBlink,2016-04-21 18:30:02.384
NormalBlink,2016-04-21 18:30:02.534
NormalBlink,2016-04-21 18:30:02.653
NormalBlink,2016-04-21 18:30:02.769
NormalBlink,2016-04-21 18:30:02.885
NormalBlink,2016-04-21 18:30:02.985
NormalBlink,2016-04-21 18:30:03.068
NormalBlink,2016-04-21 18:30:03.135
NormalBlink,2016-04-21 18:30:03.201
NormalBlink,2016-04-21 18:30:04.150
NormalBlink,2016-04-21 18:30:04.333
NormalBlink,2016-04-21 18:30:04.450
NormalBlink,2016-04-21 18:30:04.649
NormalBlink,2016-04-21 18:30:04.816
NormalBlink,2016-04-21 18:30:04.982
NormalBlink,2016-04-21 18:30:05.066
NormalBlink,2016-04-21 18:30:05.149
NormalBlink,2016-04-21 18:30:05.332
NormalBlink,2016-04-21 18:30:05.750
NormalBlink,2016-04-21 18:30:05.898
NormalBlink,2016-04-21 18:30:06.114
NormalBlink,2016-04-21 18:30:06.431
NormalBlink,2016-04-21 18:30:06.963
NormalBlink,2016-04-21 18:30:07.114
NormalBlink,2016-04-21 18:30:07.363
NormalBlink,2016-04-21 18:30:07.680
NormalBlink,2016-04-21 18:30:07.879
NormalBlink,2016-04-21 18:30:08.345
NormalBlink,2016-04-21 18:30:08.645
NormalBlink,2016-04-21 18:30:08.745
NormalBlink,2016-04-21 18:30:08.880
NormalBlink,2016-04-21 18:30:08.929
NormalBlink,2016-04-21 18:30:09.194
NormalBlink,2016-04-21 18:30:09.394
NormalBlink,2016-04-21 18:30:09.679
NormalBlink,2016-04-21 18:30:10.043
NormalBlink,2016-04-21 18:30:10.477
NormalBlink,2016-04-21 18:30:10.676
NormalBlink,2016-04-21 18:30:10.892
NormalBlink,2016-04-21 18:30:11.059
NormalBlink,2016-04-21 18:30:11.209
LongBlink,2016-04-21 18:30:12.274
NormalBlink,2016-04-21 18:30:12.424
NormalBlink,2016-04-21 18:30:12.474
NormalBlink,2016-04-21 18:30:12.607
NormalBlink,2016-04-21 18:30:12.907
NormalBlink,2016-04-21 18:30:13.439
NormalBlink,2016-04-21 18:30:13.556
NormalBlink,2016-04-21 18:30:13.823
NormalBlink,2016-04-21 18:30:14.040
NormalBlink,2016-04-21 18:30:14.122
NormalBlink,2016-04-21 18:30:14.288
NormalBlink,2016-04-21 18:30:14.589
NormalBlink,2016-04-21 18:30:14.822
NormalBlink,2016-04-21 18:30:15.021
NormalBlink,2016-04-21 18:30:15.171
NormalBlink,2016-04-21 18:30:15.287
NormalBlink,2016-04-21 18:30:15.337
NormalBlink,2016-04-21 18:30:15.387
NormalBlink,2016-04-21 18:30:15.470
NormalBlink,2016-04-21 18:30:15.554
NormalBlink,2016-04-21 18:30:15.637
NormalBlink,2016-04-21 18:30:15.687
NormalBlink,2016-04-21 18:30:15.838
NormalBlink,2016-04-21 18:30:15.920
NormalBlink,2016-04-21 18:30:16.036
NormalBlink,2016-04-21 18:30:16.237
NormalBlink,2016-04-21 18:30:16.353
NormalBlink,2016-04-21 18:30:16.652
NormalBlink,2016-04-21 18:30:16.702
NormalBlink,2016-04-21 18:30:16.752
NormalBlink,2016-04-21 18:30:16.919
NormalBlink,2016-04-21 18:30:17.085
NormalBlink,2016-04-21 18:30:17.219
NormalBlink,2016-04-21 18:30:17.385
NormalBlink,2016-04-21 18:30:17.501
NormalBlink,2016-04-21 18:30:17.651
NormalBlink,2016-04-21 18:30:17.819
NormalBlink,2016-04-21 18:30:18.534
NormalBlink,2016-04-21 18:30:18.584
NormalBlink,2016-04-21 18:30:18.800
NormalBlink,2016-04-21 18:30:18.900
NormalBlink,2016-04-21 18:30:19.016
NormalBlink,2016-04-21 18:30:19.067
NormalBlink,2016-04-21 18:30:19.234
NormalBlink,2016-04-21 18:30:19.582
NormalBlink,2016-04-21 18:30:19.749
NormalBlink,2016-04-21 18:30:19.882
NormalBlink,2016-04-21 18:30:19.932
NormalBlink,2016-04-21 18:30:20.299
NormalBlink,2016-04-21 18:30:20.499
NormalBlink,2016-04-21 18:30:20.665
NormalBlink,2016-04-21 18:30:20.782
NormalBlink,2016-04-21 18:30:21.098
NormalBlink,2016-04-21 18:30:21.365
NormalBlink,2016-04-21 18:30:21.531
NormalBlink,2016-04-21 18:30:21.631
NormalBlink,2016-04-21 18:30:21.697
NormalBlink,2016-04-21 18:30:22.014
NormalBlink,2016-04-21 18:30:22.081
NormalBlink,2016-04-21 18:30:22.280
NormalBlink,2016-04-21 18:30:22.464
NormalBlink,2016-04-21 18:30:22.563
NormalBlink,2016-04-21 18:30:22.730
NormalBlink,2016-04-21 18:30:22.813
NormalBlink,2016-04-21 18:30:22.863
NormalBlink,2016-04-21 18:30:22.963
NormalBlink,2016-04-21 18:30:23.046
NormalBlink,2016-04-21 18:30:23.279
NormalBlink,2016-04-21 18:30:23.329
NormalBlink,2016-04-21 18:30:23.612
NormalBlink,2016-04-21 18:30:23.729
NormalBlink,2016-04-21 18:30:23.895
NormalBlink,2016-04-21 18:30:24.195
NormalBlink,2016-04-21 18:30:24.328
NormalBlink,2016-04-21 18:30:24.461
NormalBlink,2016-04-21 18:30:24.594
NormalBlink,2016-04-21 18:30:24.730
NormalBlink,2016-04-21 18:30:24.894
NormalBlink,2016-04-21 18:30:24.961
NormalBlink,2016-04-21 18:30:26.009
NormalBlink,2016-04-21 18:30:26.342
NormalBlink,2016-04-21 18:30:26.492
NormalBlink,2016-04-21 18:30:26.592
NormalBlink,2016-04-21 18:30:26.775
NormalBlink,2016-04-21 18:30:26.908
NormalBlink,2016-04-21 18:30:27.258
NormalBlink,2016-04-21 18:30:27.342
NormalBlink,2016-04-21 18:30:27.624
NormalBlink,2016-04-21 18:30:27.791
NormalBlink,2016-04-21 18:30:27.957
NormalBlink,2016-04-21 18:30:28.107
NormalBlink,2016-04-21 18:30:28.273
NormalBlink,2016-04-21 18:30:28.440
NormalBlink,2016-04-21 18:30:28.573
NormalBlink,2016-04-21 18:30:28.756
NormalBlink,2016-04-21 18:30:28.956
NormalBlink,2016-04-21 18:30:29.156
NormalBlink,2016-04-21 18:30:29.406
NormalBlink,2016-04-21 18:30:29.589
NormalBlink,2016-04-21 18:30:29.689
NormalBlink,2016-04-21 18:30:29.772
NormalBlink,2016-04-21 18:30:29.923
NormalBlink,2016-04-21 18:30:30.221
NormalBlink,2016-04-21 18:30:30.321
NormalBlink,2016-04-21 18:30:30.588
NormalBlink,2016-04-21 18:30:30.954
NormalBlink,2016-04-21 18:30:31.087
NormalBlink,2016-04-21 18:30:33.051
NormalBlink,2016-04-21 18:30:33.251
NormalBlink,2016-04-21 18:30:33.418
NormalBlink,2016-04-21 18:30:33.634
NormalBlink,2016-04-21 18:30:34.067
NormalBlink,2016-04-21 18:30:34.250
NormalBlink,2016-04-21 18:30:34.500
NormalBlink,2016-04-21 18:30:34.600
NormalBlink,2016-04-21 18:30:34.866
NormalBlink,2016-04-21 18:30:35.082
NormalBlink,2016-04-21 18:30:35.182
NormalBlink,2016-04-21 18:30:35.349
NormalBlink,2016-04-21 18:30:36.131
NormalBlink,2016-04-21 18:30:36.216
NormalBlink,2016-04-21 18:30:36.281
NormalBlink,2016-04-21 18:30:36.531
NormalBlink,2016-04-21 18:30:36.632
NormalBlink,2016-04-21 18:30:36.798
NormalBlink,2016-04-21 18:30:36.914
NormalBlink,2016-04-21 18:30:36.997
NormalBlink,2016-04-21 18:30:37.064
LongBlink,2016-04-21 18:30:37.680
NormalBlink,2016-04-21 18:30:37.764
NormalBlink,2016-04-21 18:30:37.898
NormalBlink,2016-04-21 18:30:37.964
NormalBlink,2016-04-21 18:30:38.063
NormalBlink,2016-04-21 18:30:38.330
NormalBlink,2016-04-21 18:30:38.513
NormalBlink,2016-04-21 18:30:38.896
NormalBlink,2016-04-21 18:30:38.996
NormalBlink,2016-04-21 18:30:39.079
NormalBlink,2016-04-21 18:30:39.278
NormalBlink,2016-04-21 18:30:39.395
NormalBlink,2016-04-21 18:30:39.530
NormalBlink,2016-04-21 18:30:39.630
NormalBlink,2016-04-21 18:30:39.746
NormalBlink,2016-04-21 18:30:39.913
NormalBlink,2016-04-21 18:30:39.961
NormalBlink,2016-04-21 18:30:40.112
NormalBlink,2016-04-21 18:30:40.344
NormalBlink,2016-04-21 18:30:40.960
NormalBlink,2016-04-21 18:30:41.676
NormalBlink,2016-04-21 18:30:41.842
NormalBlink,2016-04-21 18:30:41.909
NormalBlink,2016-04-21 18:30:42.075
NormalBlink,2016-04-21 18:30:42.275
NormalBlink,2016-04-21 18:30:42.458
NormalBlink,2016-04-21 18:30:42.592
NormalBlink,2016-04-21 18:30:42.741
NormalBlink,2016-04-21 18:30:43.008
NormalBlink,2016-04-21 18:30:43.208
NormalBlink,2016-04-21 18:30:43.291
NormalBlink,2016-04-21 18:30:43.757
NormalBlink,2016-04-21 18:30:43.908
NormalBlink,2016-04-21 18:30:44.390
NormalBlink,2016-04-21 18:30:44.756
NormalBlink,2016-04-21 18:30:44.873
NormalBlink,2016-04-21 18:30:45.072
NormalBlink,2016-04-21 18:30:45.255
NormalBlink,2016-04-21 18:30:45.372
NormalBlink,2016-04-21 18:30:45.671
NormalBlink,2016-04-21 18:30:45.905
NormalBlink,2016-04-21 18:30:46.620
NormalBlink,2016-04-21 18:30:46.687
NormalBlink,2016-04-21 18:30:46.756
NormalBlink,2016-04-21 18:30:46.853
NormalBlink,2016-04-21 18:30:46.937
NormalBlink,2016-04-21 18:30:47.419
NormalBlink,2016-04-21 18:30:47.552
NormalBlink,2016-04-21 18:30:47.670
NormalBlink,2016-04-21 18:30:47.819
NormalBlink,2016-04-21 18:30:47.985
NormalBlink,2016-04-21 18:30:48.186
NormalBlink,2016-04-21 18:30:48.368
NormalBlink,2016-04-21 18:30:48.668
NormalBlink,2016-04-21 18:30:48.734
NormalBlink,2016-04-21 18:30:48.851
NormalBlink,2016-04-21 18:30:48.918
NormalBlink,2016-04-21 18:30:48.984
NormalBlink,2016-04-21 18:30:49.101
NormalBlink,2016-04-21 18:30:49.267
NormalBlink,2016-04-21 18:30:49.467
NormalBlink,2016-04-21 18:30:49.534
NormalBlink,2016-04-21 18:30:49.650
NormalBlink,2016-04-21 18:30:49.733
NormalBlink,2016-04-21 18:30:49.833
NormalBlink,2016-04-21 18:30:50.050
NormalBlink,2016-04-21 18:30:50.233
NormalBlink,2016-04-21 18:30:50.316
NormalBlink,2016-04-21 18:30:50.383
NormalBlink,2016-04-21 18:30:50.482
NormalBlink,2016-04-21 18:30:50.832
NormalBlink,2016-04-21 18:30:51.116
NormalBlink,2016-04-21 18:30:51.315
NormalBlink,2016-04-21 18:30:51.431
NormalBlink,2016-04-21 18:30:51.664
NormalBlink,2016-04-21 18:30:51.849
NormalBlink,2016-04-21 18:30:51.898
NormalBlink,2016-04-21 18:30:51.981
NormalBlink,2016-04-21 18:30:52.064
NormalBlink,2016-04-21 18:30:52.115
NormalBlink,2016-04-21 18:30:52.547
NormalBlink,2016-04-21 18:30:52.680
NormalBlink,2016-04-21 18:30:52.946
NormalBlink,2016-04-21 18:30:53.080
NormalBlink,2016-04-21 18:30:53.163
NormalBlink,2016-04-21 18:30:53.496
NormalBlink,2016-04-21 18:30:53.829
NormalBlink,2016-04-21 18:30:54.029
NormalBlink,2016-04-21 18:30:54.128
NormalBlink,2016-04-21 18:30:54.245
NormalBlink,2016-04-21 18:30:54.478
NormalBlink,2016-04-21 18:30:54.545
NormalBlink,2016-04-21 18:30:54.644
NormalBlink,2016-04-21 18:30:54.711
NormalBlink,2016-04-21 18:30:54.811
NormalBlink,2016-04-21 18:30:54.861
NormalBlink,2016-04-21 18:30:55.044
NormalBlink,2016-04-21 18:30:55.245
NormalBlink,2016-04-21 18:30:55.763
NormalBlink,2016-04-21 18:30:56.010
NormalBlink,2016-04-21 18:30:56.077
NormalBlink,2016-04-21 18:30:56.244
NormalBlink,2016-04-21 18:30:56.477
NormalBlink,2016-04-21 18:30:56.644
NormalBlink,2016-04-21 18:30:56.693
NormalBlink,2016-04-21 18:30:56.926
NormalBlink,2016-04-21 18:30:57.026
NormalBlink,2016-04-21 18:30:57.276
NormalBlink,2016-04-21 18:30:57.392
NormalBlink,2016-04-21 18:30:57.442
NormalBlink,2016-04-21 18:30:57.509
NormalBlink,2016-04-21 18:30:57.792
NormalBlink,2016-04-21 18:30:58.908
NormalBlink,2016-04-21 18:30:59.124
NormalBlink,2016-04-21 18:30:59.257
NormalBlink,2016-04-21 18:30:59.423
NormalBlink,2016-04-21 18:30:59.723
NormalBlink,2016-04-21 18:30:59.939
NormalBlink,2016-04-21 18:31:00.006
LongBlink,2016-04-21 18:31:02.054
NormalBlink,2016-04-21 18:31:02.220
NormalBlink,2016-04-21 18:31:02.337
NormalBlink,2016-04-21 18:31:02.487
NormalBlink,2016-04-21 18:31:02.686
NormalBlink,2016-04-21 18:31:02.736
NormalBlink,2016-04-21 18:31:02.869
NormalBlink,2016-04-21 18:31:03.373
NormalBlink,2016-04-21 18:31:03.435
NormalBlink,2016-04-21 18:31:03.519
NormalBlink,2016-04-21 18:31:03.802
NormalBlink,2016-04-21 18:31:04.002
NormalBlink,2016-04-21 18:31:04.135
NormalBlink,2016-04-21 18:31:04.334
NormalBlink,2016-04-21 18:31:04.451
NormalBlink,2016-04-21 18:31:04.501
NormalBlink,2016-04-21 18:31:04.686
NormalBlink,2016-04-21 18:31:04.934
NormalBlink,2016-04-21 18:31:05.000
NormalBlink,2016-04-21 18:31:05.167
NormalBlink,2016-04-21 18:31:05.467
NormalBlink,2016-04-21 18:31:05.667
NormalBlink,2016-04-21 18:31:05.783
NormalBlink,2016-04-21 18:31:05.866
NormalBlink,2016-04-21 18:31:06.399
NormalBlink,2016-04-21 18:31:06.565
NormalBlink,2016-04-21 18:31:06.699
NormalBlink,2016-04-21 18:31:06.881
NormalBlink,2016-04-21 18:31:07.281
NormalBlink,2016-04-21 18:31:07.331
NormalBlink,2016-04-21 18:31:07.415
NormalBlink,2016-04-21 18:31:07.564
NormalBlink,2016-04-21 18:31:07.664
NormalBlink,2016-04-21 18:31:08.347
NormalBlink,2016-04-21 18:31:08.430
NormalBlink,2016-04-21 18:31:08.813
NormalBlink,2016-04-21 18:31:09.412
NormalBlink,2016-04-21 18:31:09.528
NormalBlink,2016-04-21 18:31:09.628
NormalBlink,2016-04-21 18:31:09.878
NormalBlink,2016-04-21 18:31:09.995
NormalBlink,2016-04-21 18:31:10.146
NormalBlink,2016-04-21 18:31:10.361
NormalBlink,2016-04-21 18:31:10.595
NormalBlink,2016-04-21 18:31:10.794
NormalBlink,2016-04-21 18:31:10.895
NormalBlink,2016-04-21 18:31:11.143
NormalBlink,2016-04-21 18:31:11.210
NormalBlink,2016-04-21 18:31:11.643
NormalBlink,2016-04-21 18:31:11.744
NormalBlink,2016-04-21 18:31:11.976
NormalBlink,2016-04-21 18:31:12.225
NormalBlink,2016-04-21 18:31:12.626
LongBlink,2016-04-21 18:31:14.790
NormalBlink,2016-04-21 18:31:19.036
LongBlink,2016-04-21 18:31:20.001
NormalBlink,2016-04-21 18:31:20.267
NormalBlink,2016-04-21 18:31:20.450
NormalBlink,2016-04-21 18:31:20.635
NormalBlink,2016-04-21 18:31:20.700
NormalBlink,2016-04-21 18:31:20.883
NormalBlink,2016-04-21 18:31:21.018
NormalBlink,2016-04-21 18:31:21.133
NormalBlink,2016-04-21 18:31:21.433
NormalBlink,2016-04-21 18:31:21.632
NormalBlink,2016-04-21 18:31:21.766
NormalBlink,2016-04-21 18:31:21.965
NormalBlink,2016-04-21 18:31:22.448
NormalBlink,2016-04-21 18:31:22.782
NormalBlink,2016-04-21 18:31:23.081
NormalBlink,2016-04-21 18:31:23.214
NormalBlink,2016-04-21 18:31:23.314
NormalBlink,2016-04-21 18:31:23.630
NormalBlink,2016-04-21 18:31:23.747
NormalBlink,2016-04-21 18:31:23.830
NormalBlink,2016-04-21 18:31:23.980
NormalBlink,2016-04-21 18:31:24.280
NormalBlink,2016-04-21 18:31:24.646
NormalBlink,2016-04-21 18:31:24.779
LongBlink,2016-04-21 18:31:25.694
NormalBlink,2016-04-21 18:31:25.978
NormalBlink,2016-04-21 18:31:26.044
NormalBlink,2016-04-21 18:31:26.177
NormalBlink,2016-04-21 18:31:26.544
NormalBlink,2016-04-21 18:31:26.727
NormalBlink,2016-04-21 18:31:26.826
NormalBlink,2016-04-21 18:31:27.026
NormalBlink,2016-04-21 18:31:27.143
NormalBlink,2016-04-21 18:31:27.326
NormalBlink,2016-04-21 18:31:27.559
NormalBlink,2016-04-21 18:31:27.759
NormalBlink,2016-04-21 18:31:27.892
NormalBlink,2016-04-21 18:31:28.076
NormalBlink,2016-04-21 18:31:28.442
NormalBlink,2016-04-21 18:31:28.608
NormalBlink,2016-04-21 18:31:28.741
NormalBlink,2016-04-21 18:31:29.057
NormalBlink,2016-04-21 18:31:29.174
NormalBlink,2016-04-21 18:31:29.291
LongBlink,2016-04-21 18:31:30.074
NormalBlink,2016-04-21 18:31:30.357
NormalBlink,2016-04-21 18:31:30.540
NormalBlink,2016-04-21 18:31:30.690
NormalBlink,2016-04-21 18:31:30.856
NormalBlink,2016-04-21 18:31:31.006
NormalBlink,2016-04-21 18:31:31.223
NormalBlink,2016-04-21 18:31:31.406
NormalBlink,2016-04-21 18:31:31.772
NormalBlink,2016-04-21 18:31:32.105
LongBlink,2016-04-21 18:31:33.170
NormalBlink,2016-04-21 18:31:33.886
NormalBlink,2016-04-21 18:31:34.569
NormalBlink,2016-04-21 18:31:34.835
NormalBlink,2016-04-21 18:31:35.801
NormalBlink,2016-04-21 18:31:35.951
NormalBlink,2016-04-21 18:31:36.284
NormalBlink,2016-04-21 18:31:36.383
NormalBlink,2016-04-21 18:31:36.583
LongBlink,2016-04-21 18:31:37.382
NormalBlink,2016-04-21 18:31:37.682
NormalBlink,2016-04-21 18:31:38.115
NormalBlink,2016-04-21 18:31:38.514
NormalBlink,2016-04-21 18:31:38.664
NormalBlink,2016-04-21 18:31:38.764
NormalBlink,2016-04-21 18:31:38.997
NormalBlink,2016-04-21 18:31:39.263
NormalBlink,2016-04-21 18:31:39.413
NormalBlink,2016-04-21 18:31:39.580
LongBlink,2016-04-21 18:31:40.562
NormalBlink,2016-04-21 18:31:40.729
NormalBlink,2016-04-21 18:31:41.678
NormalBlink,2016-04-21 18:31:41.827
NormalBlink,2016-04-21 18:31:41.994
NormalBlink,2016-04-21 18:31:42.332
LongBlink,2016-04-21 18:31:43.409
NormalBlink,2016-04-21 18:31:43.958
NormalBlink,2016-04-21 18:31:44.175
LongBlink,2016-04-21 18:31:46.488
NormalBlink,2016-04-21 18:31:47.038
NormalBlink,2016-04-21 18:31:47.437
NormalBlink,2016-04-21 18:31:47.655
NormalBlink,2016-04-21 18:31:47.871
NormalBlink,2016-04-21 18:31:47.988
NormalBlink,2016-04-21 18:31:48.154
NormalBlink,2016-04-21 18:31:48.471
NormalBlink,2016-04-21 18:31:48.937
LongBlink,2016-04-21 18:31:50.221
NormalBlink,2016-04-21 18:31:51.018
NormalBlink,2016-04-21 18:31:51.334
NormalBlink,2016-04-21 18:31:52.100
NormalBlink,2016-04-21 18:31:52.483
NormalBlink,2016-04-21 18:31:52.621
NormalBlink,2016-04-21 18:31:52.716
NormalBlink,2016-04-21 18:31:52.837
NormalBlink,2016-04-21 18:31:53.332
NormalBlink,2016-04-21 18:31:54.148
NormalBlink,2016-04-21 18:31:57.294
NormalBlink,2016-04-21 18:31:57.529
NormalBlink,2016-04-21 18:31:58.343
NormalBlink,2016-04-21 18:31:58.927
NormalBlink,2016-04-21 18:31:59.279
NormalBlink,2016-04-21 18:32:00.591
NormalBlink,2016-04-21 18:32:01.090
NormalBlink,2016-04-21 18:32:02.022
NormalBlink,2016-04-21 18:32:02.738
NormalBlink,2016-04-21 18:32:03.137
NormalBlink,2016-04-21 18:32:03.570
NormalBlink,2016-04-21 18:32:03.653
NormalBlink,2016-04-21 18:32:04.869
NormalBlink,2016-04-21 18:32:05.402
NormalBlink,2016-04-21 18:32:05.735
NormalBlink,2016-04-21 18:32:05.919
NormalBlink,2016-04-21 18:32:06.085
NormalBlink,2016-04-21 18:32:06.435
NormalBlink,2016-04-21 18:32:06.651
NormalBlink,2016-04-21 18:32:07.850
NormalBlink,2016-04-21 18:32:08.233
NormalBlink,2016-04-21 18:32:08.299
NormalBlink,2016-04-21 18:32:08.416
NormalBlink,2016-04-21 18:32:10.147
NormalBlink,2016-04-21 18:32:10.330
NormalBlink,2016-04-21 18:32:13.044
NormalBlink,2016-04-21 18:32:13.693
NormalBlink,2016-04-21 18:32:13.859
NormalBlink,2016-04-21 18:32:14.525
NormalBlink,2016-04-21 18:32:14.692
NormalBlink,2016-04-21 18:32:15.060
NormalBlink,2016-04-21 18:32:15.193
NormalBlink,2016-04-21 18:32:17.855
NormalBlink,2016-04-21 18:32:18.224
NormalBlink,2016-04-21 18:32:18.788
NormalBlink,2016-04-21 18:32:19.020
NormalBlink,2016-04-21 18:32:19.220
NormalBlink,2016-04-21 18:32:19.853
NormalBlink,2016-04-21 18:32:20.052
NormalBlink,2016-04-21 18:32:20.469
NormalBlink,2016-04-21 18:32:21.884
NormalBlink,2016-04-21 18:32:22.601
NormalBlink,2016-04-21 18:32:23.333
NormalBlink,2016-04-21 18:32:24.981
NormalBlink,2016-04-21 18:32:25.564
NormalBlink,2016-04-21 18:32:27.628
NormalBlink,2016-04-21 18:32:29.577
NormalBlink,2016-04-21 18:32:30.425
NormalBlink,2016-04-21 18:32:31.041
NormalBlink,2016-04-21 18:32:31.775
NormalBlink,2016-04-21 18:32:32.456
NormalBlink,2016-04-21 18:32:32.706
NormalBlink,2016-04-21 18:32:33.039
NormalBlink,2016-04-21 18:32:33.205
NormalBlink,2016-04-21 18:32:33.421
NormalBlink,2016-04-21 18:32:33.921
NormalBlink,2016-04-21 18:32:34.238
NormalBlink,2016-04-21 18:32:34.520
NormalBlink,2016-04-21 18:32:35.569
NormalBlink,2016-04-21 18:32:36.085
NormalBlink,2016-04-21 18:32:36.236
NormalBlink,2016-04-21 18:32:36.520
NormalBlink,2016-04-21 18:32:36.918
NormalBlink,2016-04-21 18:32:37.201
NormalBlink,2016-04-21 18:32:37.584
NormalBlink,2016-04-21 18:32:37.733
NormalBlink,2016-04-21 18:32:38.599
NormalBlink,2016-04-21 18:32:39.115
NormalBlink,2016-04-21 18:32:39.315
NormalBlink,2016-04-21 18:32:39.466
NormalBlink,2016-04-21 18:32:39.598
NormalBlink,2016-04-21 18:32:39.864
NormalBlink,2016-04-21 18:32:40.132
NormalBlink,2016-04-21 18:32:40.448
NormalBlink,2016-04-21 18:32:40.664
NormalBlink,2016-04-21 18:32:40.848
NormalBlink,2016-04-21 18:32:41.030
NormalBlink,2016-04-21 18:32:41.630
NormalBlink,2016-04-21 18:32:41.879
NormalBlink,2016-04-21 18:32:41.996
NormalBlink,2016-04-21 18:32:42.329
NormalBlink,2016-04-21 18:32:42.595
NormalBlink,2016-04-21 18:32:42.699
NormalBlink,2016-04-21 18:32:43.195
NormalBlink,2016-04-21 18:32:43.280
NormalBlink,2016-04-21 18:32:43.395
NormalBlink,2016-04-21 18:32:43.711
NormalBlink,2016-04-21 18:32:44.211
NormalBlink,2016-04-21 18:32:44.460
NormalBlink,2016-04-21 18:32:44.959
NormalBlink,2016-04-21 18:32:45.459
NormalBlink,2016-04-21 18:32:46.042
NormalBlink,2016-04-21 18:32:46.191
NormalBlink,2016-04-21 18:32:46.541
NormalBlink,2016-04-21 18:32:46.674
NormalBlink,2016-04-21 18:32:46.828
NormalBlink,2016-04-21 18:32:46.941
NormalBlink,2016-04-21 18:32:47.141
NormalBlink,2016-04-21 18:32:47.390
NormalBlink,2016-04-21 18:32:47.556
NormalBlink,2016-04-21 18:32:48.056
NormalBlink,2016-04-21 18:32:48.206
NormalBlink,2016-04-21 18:32:48.455
NormalBlink,2016-04-21 18:32:48.691
NormalBlink,2016-04-21 18:32:48.822
NormalBlink,2016-04-21 18:32:49.338
NormalBlink,2016-04-21 18:32:49.422
NormalBlink,2016-04-21 18:32:49.605
NormalBlink,2016-04-21 18:32:49.738
NormalBlink,2016-04-21 18:32:49.854
NormalBlink,2016-04-21 18:32:49.954
NormalBlink,2016-04-21 18:32:50.087
NormalBlink,2016-04-21 18:32:50.288
NormalBlink,2016-04-21 18:32:50.420
NormalBlink,2016-04-21 18:32:50.669
NormalBlink,2016-04-21 18:32:50.853
NormalBlink,2016-04-21 18:32:50.986
NormalBlink,2016-04-21 18:32:51.269
NormalBlink,2016-04-21 18:32:51.419
NormalBlink,2016-04-21 18:32:51.602
NormalBlink,2016-04-21 18:32:51.802
NormalBlink,2016-04-21 18:32:51.901
NormalBlink,2016-04-21 18:32:52.018
NormalBlink,2016-04-21 18:32:52.384
NormalBlink,2016-04-21 18:32:52.434
NormalBlink,2016-04-21 18:32:52.874
NormalBlink,2016-04-21 18:32:53.134
NormalBlink,2016-04-21 18:32:53.884
NormalBlink,2016-04-21 18:32:54.149
NormalBlink,2016-04-21 18:32:54.266
NormalBlink,2016-04-21 18:32:54.865
NormalBlink,2016-04-21 18:32:54.998
NormalBlink,2016-04-21 18:32:55.148
NormalBlink,2016-04-21 18:32:55.581
NormalBlink,2016-04-21 18:32:56.081
NormalBlink,2016-04-21 18:32:56.380
NormalBlink,2016-04-21 18:32:56.813
NormalBlink,2016-04-21 18:32:56.996
NormalBlink,2016-04-21 18:32:57.212
NormalBlink,2016-04-21 18:32:57.579
NormalBlink,2016-04-21 18:32:57.779
NormalBlink,2016-04-21 18:32:57.913
NormalBlink,2016-04-21 18:32:58.512
LongBlink,2016-04-21 18:32:59.361
NormalBlink,2016-04-21 18:33:02.041
NormalBlink,2016-04-21 18:33:03.556
NormalBlink,2016-04-21 18:33:04.155
NormalBlink,2016-04-21 18:33:04.588
NormalBlink,2016-04-21 18:33:06.120
NormalBlink,2016-04-21 18:33:09.200
NormalBlink,2016-04-21 18:33:09.882
NormalBlink,2016-04-21 18:33:15.743
LongBlink,2016-04-21 18:33:23.068
NormalBlink,2016-04-21 18:33:27.746
NormalBlink,2016-04-21 18:33:28.362
NormalBlink,2016-04-21 18:33:29.661
NormalBlink,2016-04-21 18:33:32.758
NormalBlink,2016-04-21 18:33:33.973
NormalBlink,2016-04-21 18:33:35.039
NormalBlink,2016-04-21 18:33:35.588
NormalBlink,2016-04-21 18:33:37.070
NormalBlink,2016-04-21 18:33:38.119
NormalBlink,2016-04-21 18:33:38.735
NormalBlink,2016-04-21 18:33:39.867
NormalBlink,2016-04-21 18:33:41.232
NormalBlink,2016-04-21 18:33:41.881
NormalBlink,2016-04-21 18:33:45.044
NormalBlink,2016-04-21 18:33:45.910
NormalBlink,2016-04-21 18:33:46.260
NormalBlink,2016-04-21 18:33:46.776
NormalBlink,2016-04-21 18:33:48.923
NormalBlink,2016-04-21 18:33:49.108
NormalBlink,2016-04-21 18:33:49.741
NormalBlink,2016-04-21 18:33:50.472
NormalBlink,2016-04-21 18:33:50.724
NormalBlink,2016-04-21 18:33:51.088
NormalBlink,2016-04-21 18:33:51.205
NormalBlink,2016-04-21 18:33:52.605
NormalBlink,2016-04-21 18:33:53.569
NormalBlink,2016-04-21 18:33:53.818
NormalBlink,2016-04-21 18:33:54.453
NormalBlink,2016-04-21 18:33:54.601
NormalBlink,2016-04-21 18:33:54.934
NormalBlink,2016-04-21 18:33:55.533
NormalBlink,2016-04-21 18:33:55.733
NormalBlink,2016-04-21 18:33:57.115
NormalBlink,2016-04-21 18:33:57.331
NormalBlink,2016-04-21 18:33:57.485
NormalBlink,2016-04-21 18:33:57.830
NormalBlink,2016-04-21 18:33:58.315
NormalBlink,2016-04-21 18:33:58.630
NormalBlink,2016-04-21 18:33:59.229
NormalBlink,2016-04-21 18:33:59.728
NormalBlink,2016-04-21 18:34:00.311
NormalBlink,2016-04-21 18:34:01.110
NormalBlink,2016-04-21 18:34:01.360
NormalBlink,2016-04-21 18:34:01.659
NormalBlink,2016-04-21 18:34:01.776
NormalBlink,2016-04-21 18:34:01.976
NormalBlink,2016-04-21 18:34:02.975
NormalBlink,2016-04-21 18:34:03.890
NormalBlink,2016-04-21 18:34:04.090
NormalBlink,2016-04-21 18:34:04.306
NormalBlink,2016-04-21 18:34:04.473
NormalBlink,2016-04-21 18:34:04.623
NormalBlink,2016-04-21 18:34:04.839
NormalBlink,2016-04-21 18:34:05.389
NormalBlink,2016-04-21 18:34:05.522
NormalBlink,2016-04-21 18:34:05.855
NormalBlink,2016-04-21 18:34:06.437
NormalBlink,2016-04-21 18:34:07.020
NormalBlink,2016-04-21 18:34:07.336
NormalBlink,2016-04-21 18:34:07.471
NormalBlink,2016-04-21 18:34:08.003
NormalBlink,2016-04-21 18:34:08.136
NormalBlink,2016-04-21 18:34:08.436
NormalBlink,2016-04-21 18:34:08.636
NormalBlink,2016-04-21 18:34:08.919
NormalBlink,2016-04-21 18:34:09.052
NormalBlink,2016-04-21 18:34:09.735
NormalBlink,2016-04-21 18:34:10.151
NormalBlink,2016-04-21 18:34:10.284
NormalBlink,2016-04-21 18:34:10.484
NormalBlink,2016-04-21 18:34:10.767
NormalBlink,2016-04-21 18:34:11.066
NormalBlink,2016-04-21 18:34:11.183
NormalBlink,2016-04-21 18:34:11.383
NormalBlink,2016-04-21 18:34:11.582
NormalBlink,2016-04-21 18:34:11.982
NormalBlink,2016-04-21 18:34:12.232
NormalBlink,2016-04-21 18:34:12.731
NormalBlink,2016-04-21 18:34:12.898
NormalBlink,2016-04-21 18:34:13.597
NormalBlink,2016-04-21 18:34:13.897
NormalBlink,2016-04-21 18:34:14.080
NormalBlink,2016-04-21 18:34:14.629
NormalBlink,2016-04-21 18:34:14.879
NormalBlink,2016-04-21 18:34:15.278
NormalBlink,2016-04-21 18:34:15.412
NormalBlink,2016-04-21 18:34:15.578
NormalBlink,2016-04-21 18:34:15.828
NormalBlink,2016-04-21 18:34:16.377
NormalBlink,2016-04-21 18:34:16.643
NormalBlink,2016-04-21 18:34:16.960
NormalBlink,2016-04-21 18:34:17.309
NormalBlink,2016-04-21 18:34:17.642
NormalBlink,2016-04-21 18:34:17.825
NormalBlink,2016-04-21 18:34:18.108
NormalBlink,2016-04-21 18:34:18.458
LongBlink,2016-04-21 18:34:19.157
NormalBlink,2016-04-21 18:34:19.324
NormalBlink,2016-04-21 18:34:19.590
NormalBlink,2016-04-21 18:34:19.923
LongBlink,2016-04-21 18:34:20.689
NormalBlink,2016-04-21 18:34:21.172
NormalBlink,2016-04-21 18:34:21.538
NormalBlink,2016-04-21 18:34:21.837
NormalBlink,2016-04-21 18:34:22.204
NormalBlink,2016-04-21 18:34:22.387
NormalBlink,2016-04-21 18:34:22.637
NormalBlink,2016-04-21 18:34:22.886
NormalBlink,2016-04-21 18:34:23.053
NormalBlink,2016-04-21 18:34:23.186
NormalBlink,2016-04-21 18:34:23.552
NormalBlink,2016-04-21 18:34:24.151
NormalBlink,2016-04-21 18:34:24.584
NormalBlink,2016-04-21 18:34:25.018
NormalBlink,2016-04-21 18:34:25.451
NormalBlink,2016-04-21 18:34:25.917
NormalBlink,2016-04-21 18:34:26.300
NormalBlink,2016-04-21 18:34:26.866
NormalBlink,2016-04-21 18:34:26.999
NormalBlink,2016-04-21 18:34:27.116
NormalBlink,2016-04-21 18:34:27.266
NormalBlink,2016-04-21 18:34:27.632
NormalBlink,2016-04-21 18:34:28.048
NormalBlink,2016-04-21 18:34:28.248
NormalBlink,2016-04-21 18:34:28.515
NormalBlink,2016-04-21 18:34:28.814
NormalBlink,2016-04-21 18:34:29.332
NormalBlink,2016-04-21 18:34:29.996
NormalBlink,2016-04-21 18:34:30.146
NormalBlink,2016-04-21 18:34:30.395
NormalBlink,2016-04-21 18:34:31.446
NormalBlink,2016-04-21 18:34:32.210
NormalBlink,2016-04-21 18:34:32.343
NormalBlink,2016-04-21 18:34:32.943
NormalBlink,2016-04-21 18:34:33.542
NormalBlink,2016-04-21 18:34:34.474
NormalBlink,2016-04-21 18:34:34.924
NormalBlink,2016-04-21 18:34:35.190
NormalBlink,2016-04-21 18:34:35.423
NormalBlink,2016-04-21 18:34:35.739
NormalBlink,2016-04-21 18:34:36.056
NormalBlink,2016-04-21 18:34:36.489
NormalBlink,2016-04-21 18:34:36.855
NormalBlink,2016-04-21 18:34:36.971
NormalBlink,2016-04-21 18:34:37.108
NormalBlink,2016-04-21 18:34:37.372
NormalBlink,2016-04-21 18:34:37.504
NormalBlink,2016-04-21 18:34:37.587
NormalBlink,2016-04-21 18:34:37.722
NormalBlink,2016-04-21 18:34:37.987
NormalBlink,2016-04-21 18:34:38.519
NormalBlink,2016-04-21 18:34:38.919
NormalBlink,2016-04-21 18:34:39.136
NormalBlink,2016-04-21 18:34:39.934
NormalBlink,2016-04-21 18:34:40.068
NormalBlink,2016-04-21 18:34:40.301
NormalBlink,2016-04-21 18:34:40.950
NormalBlink,2016-04-21 18:34:41.283
NormalBlink,2016-04-21 18:34:42.383
NormalBlink,2016-04-21 18:34:42.483
NormalBlink,2016-04-21 18:34:42.572
NormalBlink,2016-04-21 18:34:42.732
NormalBlink,2016-04-21 18:34:43.182
NormalBlink,2016-04-21 18:34:43.332
NormalBlink,2016-04-21 18:34:43.566
NormalBlink,2016-04-21 18:34:43.848
NormalBlink,2016-04-21 18:34:44.164
NormalBlink,2016-04-21 18:34:44.464
NormalBlink,2016-04-21 18:34:44.580
NormalBlink,2016-04-21 18:34:45.229
NormalBlink,2016-04-21 18:34:45.563
NormalBlink,2016-04-21 18:34:45.895
NormalBlink,2016-04-21 18:34:46.461
NormalBlink,2016-04-21 18:34:47.144
LongBlink,2016-04-21 18:34:48.393
NormalBlink,2016-04-21 18:34:48.710
NormalBlink,2016-04-21 18:34:49.042
NormalBlink,2016-04-21 18:34:49.691
NormalBlink,2016-04-21 18:34:50.274
NormalBlink,2016-04-21 18:34:50.424
NormalBlink,2016-04-21 18:34:50.607
NormalBlink,2016-04-21 18:34:50.707
NormalBlink,2016-04-21 18:34:51.090
NormalBlink,2016-04-21 18:34:51.206
NormalBlink,2016-04-21 18:34:51.290
NormalBlink,2016-04-21 18:34:51.489
NormalBlink,2016-04-21 18:34:51.756
NormalBlink,2016-04-21 18:34:51.823
NormalBlink,2016-04-21 18:34:51.972
NormalBlink,2016-04-21 18:34:52.988
NormalBlink,2016-04-21 18:34:53.171
NormalBlink,2016-04-21 18:34:53.354
NormalBlink,2016-04-21 18:34:53.421
NormalBlink,2016-04-21 18:34:53.986
NormalBlink,2016-04-21 18:34:54.219
NormalBlink,2016-04-21 18:34:54.935
NormalBlink,2016-04-21 18:34:55.052
NormalBlink,2016-04-21 18:34:55.219
NormalBlink,2016-04-21 18:34:56.067
NormalBlink,2016-04-21 18:34:56.368
NormalBlink,2016-04-21 18:34:57.466
NormalBlink,2016-04-21 18:34:57.799
NormalBlink,2016-04-21 18:34:58.098
NormalBlink,2016-04-21 18:34:58.448
NormalBlink,2016-04-21 18:34:58.948
NormalBlink,2016-04-21 18:34:59.430
NormalBlink,2016-04-21 18:34:59.696
NormalBlink,2016-04-21 18:34:59.930
NormalBlink,2016-04-21 18:35:00.197
NormalBlink,2016-04-21 18:35:00.414
NormalBlink,2016-04-21 18:35:00.696
NormalBlink,2016-04-21 18:35:00.879
NormalBlink,2016-04-21 18:35:01.246
NormalBlink,2016-04-21 18:35:01.545
NormalBlink,2016-04-21 18:35:01.913
LongBlink,2016-04-21 18:35:02.711
NormalBlink,2016-04-21 18:35:02.910
NormalBlink,2016-04-21 18:35:03.227
NormalBlink,2016-04-21 18:35:03.410
NormalBlink,2016-04-21 18:35:03.743
NormalBlink,2016-04-21 18:35:03.893
NormalBlink,2016-04-21 18:35:04.227
NormalBlink,2016-04-21 18:35:04.392
NormalBlink,2016-04-21 18:35:04.660
NormalBlink,2016-04-21 18:35:05.025
NormalBlink,2016-04-21 18:35:05.574
LongBlink,2016-04-21 18:35:06.640
NormalBlink,2016-04-21 18:35:06.906
NormalBlink,2016-04-21 18:35:07.139
LongBlink,2016-04-21 18:35:08.721
NormalBlink,2016-04-21 18:35:09.303
NormalBlink,2016-04-21 18:35:09.855
NormalBlink,2016-04-21 18:35:11.151
NormalBlink,2016-04-21 18:35:11.717
LongBlink,2016-04-21 18:35:12.749
NormalBlink,2016-04-21 18:35:13.635
NormalBlink,2016-04-21 18:35:13.848
NormalBlink,2016-04-21 18:35:14.081
NormalBlink,2016-04-21 18:35:14.331
NormalBlink,2016-04-21 18:35:15.330
NormalBlink,2016-04-21 18:35:15.729
NormalBlink,2016-04-21 18:35:15.963
NormalBlink,2016-04-21 18:35:16.129
NormalBlink,2016-04-21 18:35:16.295
NormalBlink,2016-04-21 18:35:16.811
NormalBlink,2016-04-21 18:35:16.861
NormalBlink,2016-04-21 18:35:17.244
NormalBlink,2016-04-21 18:35:17.661
NormalBlink,2016-04-21 18:35:18.244
NormalBlink,2016-04-21 18:35:18.477
NormalBlink,2016-04-21 18:35:18.760
NormalBlink,2016-04-21 18:35:19.193
NormalBlink,2016-04-21 18:35:19.526
NormalBlink,2016-04-21 18:35:19.992
NormalBlink,2016-04-21 18:35:20.209
NormalBlink,2016-04-21 18:35:20.358
NormalBlink,2016-04-21 18:35:20.525
NormalBlink,2016-04-21 18:35:20.958
NormalBlink,2016-04-21 18:35:21.257
NormalBlink,2016-04-21 18:35:21.673
NormalBlink,2016-04-21 18:35:22.522
NormalBlink,2016-04-21 18:35:22.805
NormalBlink,2016-04-21 18:35:23.056
NormalBlink,2016-04-21 18:35:23.555
NormalBlink,2016-04-21 18:35:23.788
NormalBlink,2016-04-21 18:35:24.537
NormalBlink,2016-04-21 18:35:24.853
NormalBlink,2016-04-21 18:35:25.170
NormalBlink,2016-04-21 18:35:26.036
NormalBlink,2016-04-21 18:35:26.634
NormalBlink,2016-04-21 18:35:27.150
NormalBlink,2016-04-21 18:35:27.734
NormalBlink,2016-04-21 18:35:27.900
NormalBlink,2016-04-21 18:35:28.965
NormalBlink,2016-04-21 18:35:29.648
NormalBlink,2016-04-21 18:35:29.814
NormalBlink,2016-04-21 18:35:30.433
NormalBlink,2016-04-21 18:35:30.630
NormalBlink,2016-04-21 18:35:31.412
NormalBlink,2016-04-21 18:35:31.829
NormalBlink,2016-04-21 18:35:32.245
NormalBlink,2016-04-21 18:35:32.478
NormalBlink,2016-04-21 18:35:32.844
NormalBlink,2016-04-21 18:35:33.344
NormalBlink,2016-04-21 18:35:33.497
LongBlink,2016-04-21 18:35:34.094
NormalBlink,2016-04-21 18:35:34.259
NormalBlink,2016-04-21 18:35:34.409
NormalBlink,2016-04-21 18:35:35.159
NormalBlink,2016-04-21 18:35:35.559
NormalBlink,2016-04-21 18:35:35.842
NormalBlink,2016-04-21 18:35:36.341
NormalBlink,2016-04-21 18:35:36.844
NormalBlink,2016-04-21 18:35:37.340
NormalBlink,2016-04-21 18:35:37.778
NormalBlink,2016-04-21 18:35:38.106
NormalBlink,2016-04-21 18:35:38.339
NormalBlink,2016-04-21 18:35:38.522
NormalBlink,2016-04-21 18:35:38.971
NormalBlink,2016-04-21 18:35:39.188
NormalBlink,2016-04-21 18:35:39.738
NormalBlink,2016-04-21 18:35:39.954
LongBlink,2016-04-21 18:35:40.736
NormalBlink,2016-04-21 18:35:41.069
NormalBlink,2016-04-21 18:35:41.152
NormalBlink,2016-04-21 18:35:41.402
NormalBlink,2016-04-21 18:35:41.552
NormalBlink,2016-04-21 18:35:41.835
NormalBlink,2016-04-21 18:35:42.085
NormalBlink,2016-04-21 18:35:42.184
NormalBlink,2016-04-21 18:35:42.634
NormalBlink,2016-04-21 18:35:43.067
NormalBlink,2016-04-21 18:35:43.450
NormalBlink,2016-04-21 18:35:43.899
NormalBlink,2016-04-21 18:35:44.382
NormalBlink,2016-04-21 18:35:44.582
NormalBlink,2016-04-21 18:35:45.281
NormalBlink,2016-04-21 18:35:45.681
NormalBlink,2016-04-21 18:35:45.915
NormalBlink,2016-04-21 18:35:46.380
NormalBlink,2016-04-21 18:35:46.546
NormalBlink,2016-04-21 18:35:46.929
NormalBlink,2016-04-21 18:35:47.546
NormalBlink,2016-04-21 18:35:47.762
NormalBlink,2016-04-21 18:35:48.128
NormalBlink,2016-04-21 18:35:48.278
NormalBlink,2016-04-21 18:35:48.462
NormalBlink,2016-04-21 18:35:48.694
NormalBlink,2016-04-21 18:35:49.326
NormalBlink,2016-04-21 18:35:49.726
NormalBlink,2016-04-21 18:35:50.109
LongBlink,2016-04-21 18:35:51.241
LongBlink,2016-04-21 18:35:52.823
NormalBlink,2016-04-21 18:35:53.111
NormalBlink,2016-04-21 18:35:53.456
NormalBlink,2016-04-21 18:35:54.022
NormalBlink,2016-04-21 18:35:54.189
NormalBlink,2016-04-21 18:35:54.921
NormalBlink,2016-04-21 18:35:55.405
NormalBlink,2016-04-21 18:35:55.587
NormalBlink,2016-04-21 18:35:55.737
NormalBlink,2016-04-21 18:35:56.020
NormalBlink,2016-04-21 18:35:56.319
LongBlink,2016-04-21 18:35:57.154
NormalBlink,2016-04-21 18:35:57.436
LongBlink,2016-04-21 18:35:58.700
NormalBlink,2016-04-21 18:36:02.512
NormalBlink,2016-04-21 18:36:03.411
NormalBlink,2016-04-21 18:36:03.661
NormalBlink,2016-04-21 18:36:04.910
NormalBlink,2016-04-21 18:36:05.908
NormalBlink,2016-04-21 18:36:06.625
NormalBlink,2016-04-21 18:36:07.091
NormalBlink,2016-04-21 18:36:08.089
NormalBlink,2016-04-21 18:36:08.389
NormalBlink,2016-04-21 18:36:09.188
NormalBlink,2016-04-21 18:36:09.521
NormalBlink,2016-04-21 18:36:10.321
NormalBlink,2016-04-21 18:36:12.052
NormalBlink,2016-04-21 18:36:12.901
NormalBlink,2016-04-21 18:36:13.385
NormalBlink,2016-04-21 18:36:13.572
NormalBlink,2016-04-21 18:36:13.701
NormalBlink,2016-04-21 18:36:13.850
NormalBlink,2016-04-21 18:36:14.150
NormalBlink,2016-04-21 18:36:14.733
NormalBlink,2016-04-21 18:36:14.834
NormalBlink,2016-04-21 18:36:15.265
NormalBlink,2016-04-21 18:36:15.582
NormalBlink,2016-04-21 18:36:15.848
NormalBlink,2016-04-21 18:36:16.447
NormalBlink,2016-04-21 18:36:16.797
NormalBlink,2016-04-21 18:36:17.030
NormalBlink,2016-04-21 18:36:17.247
NormalBlink,2016-04-21 18:36:17.413
NormalBlink,2016-04-21 18:36:18.012
NormalBlink,2016-04-21 18:36:18.928
NormalBlink,2016-04-21 18:36:19.028
NormalBlink,2016-04-21 18:36:19.263
NormalBlink,2016-04-21 18:36:19.361
NormalBlink,2016-04-21 18:36:19.710
NormalBlink,2016-04-21 18:36:19.860
NormalBlink,2016-04-21 18:36:20.693
NormalBlink,2016-04-21 18:36:21.492
NormalBlink,2016-04-21 18:36:22.041
LongBlink,2016-04-21 18:36:24.323
NormalBlink,2016-04-21 18:36:24.688
LongBlink,2016-04-21 18:36:25.304
NormalBlink,2016-04-21 18:36:25.987
NormalBlink,2016-04-21 18:36:26.136
NormalBlink,2016-04-21 18:36:26.403
NormalBlink,2016-04-21 18:36:26.569
NormalBlink,2016-04-21 18:36:26.686
NormalBlink,2016-04-21 18:36:26.869
NormalBlink,2016-04-21 18:36:27.085
LongBlink,2016-04-21 18:36:28.268
NormalBlink,2016-04-21 18:36:28.651
NormalBlink,2016-04-21 18:36:28.870
NormalBlink,2016-04-21 18:36:29.301
NormalBlink,2016-04-21 18:36:30.150
NormalBlink,2016-04-21 18:36:30.283
NormalBlink,2016-04-21 18:36:30.449
NormalBlink,2016-04-21 18:36:30.782
NormalBlink,2016-04-21 18:36:31.071
NormalBlink,2016-04-21 18:36:31.365
NormalBlink,2016-04-21 18:36:31.515
NormalBlink,2016-04-21 18:36:32.064
NormalBlink,2016-04-21 18:36:32.131
NormalBlink,2016-04-21 18:36:32.380
LongBlink,2016-04-21 18:36:32.963
NormalBlink,2016-04-21 18:36:33.163
NormalBlink,2016-04-21 18:36:33.263
NormalBlink,2016-04-21 18:36:33.579
NormalBlink,2016-04-21 18:36:34.195
NormalBlink,2016-04-21 18:36:34.296
NormalBlink,2016-04-21 18:36:34.362
NormalBlink,2016-04-21 18:36:34.578
NormalBlink,2016-04-21 18:36:34.927
NormalBlink,2016-04-21 18:36:35.144
NormalBlink,2016-04-21 18:36:35.477
NormalBlink,2016-04-21 18:36:35.660
NormalBlink,2016-04-21 18:36:35.976
LongBlink,2016-04-21 18:36:36.859
NormalBlink,2016-04-21 18:36:37.042
NormalBlink,2016-04-21 18:36:37.175
NormalBlink,2016-04-21 18:36:37.325
NormalBlink,2016-04-21 18:36:37.858
NormalBlink,2016-04-21 18:36:38.673
NormalBlink,2016-04-21 18:36:38.890
NormalBlink,2016-04-21 18:36:38.990
NormalBlink,2016-04-21 18:36:39.422
NormalBlink,2016-04-21 18:36:39.705
NormalBlink,2016-04-21 18:36:40.355
LongBlink,2016-04-21 18:36:40.987
NormalBlink,2016-04-21 18:36:41.537
NormalBlink,2016-04-21 18:36:41.720
NormalBlink,2016-04-21 18:36:42.236
NormalBlink,2016-04-21 18:36:42.486
NormalBlink,2016-04-21 18:36:42.702
NormalBlink,2016-04-21 18:36:43.135
NormalBlink,2016-04-21 18:36:43.635
NormalBlink,2016-04-21 18:36:44.134
NormalBlink,2016-04-21 18:36:44.500
NormalBlink,2016-04-21 18:36:44.700
NormalBlink,2016-04-21 18:36:45.200
NormalBlink,2016-04-21 18:36:45.500
NormalBlink,2016-04-21 18:36:45.716
NormalBlink,2016-04-21 18:36:46.066
NormalBlink,2016-04-21 18:36:46.399
LongBlink,2016-04-21 18:36:47.497
NormalBlink,2016-04-21 18:36:47.698
NormalBlink,2016-04-21 18:36:47.880
NormalBlink,2016-04-21 18:36:48.113
NormalBlink,2016-04-21 18:36:48.430
NormalBlink,2016-04-21 18:36:48.630
LongBlink,2016-04-21 18:36:50.477
NormalBlink,2016-04-21 18:36:50.977
LongBlink,2016-04-21 18:36:52.192
NormalBlink,2016-04-21 18:36:52.442
NormalBlink,2016-04-21 18:36:52.708
LongBlink,2016-04-21 18:36:53.707
NormalBlink,2016-04-21 18:36:53.874
NormalBlink,2016-04-21 18:36:54.377
LongBlink,2016-04-21 18:36:55.189
LongBlink,2016-04-21 18:36:56.139
NormalBlink,2016-04-21 18:36:56.488
LongBlink,2016-04-21 18:36:57.536
NormalBlink,2016-04-21 18:36:57.752
NormalBlink,2016-04-21 18:36:57.935
LongBlink,2016-04-21 18:36:58.904
NormalBlink,2016-04-21 18:36:59.034
NormalBlink,2016-04-21 18:36:59.103
NormalBlink,2016-04-21 18:36:59.617
NormalBlink,2016-04-21 18:36:59.767
NormalBlink,2016-04-21 18:37:00.119
NormalBlink,2016-04-21 18:37:00.633
NormalBlink,2016-04-21 18:37:01.099
NormalBlink,2016-04-21 18:37:01.265
NormalBlink,2016-04-21 18:37:01.715
NormalBlink,2016-04-21 18:37:02.066
NormalBlink,2016-04-21 18:37:02.531
NormalBlink,2016-04-21 18:37:03.081
NormalBlink,2016-04-21 18:37:03.297
LongBlink,2016-04-21 18:37:04.313
NormalBlink,2016-04-21 18:37:04.712
NormalBlink,2016-04-21 18:37:05.195
NormalBlink,2016-04-21 18:37:05.445
NormalBlink,2016-04-21 18:37:05.594
NormalBlink,2016-04-21 18:37:05.762
NormalBlink,2016-04-21 18:37:06.144
NormalBlink,2016-04-21 18:37:06.377
NormalBlink,2016-04-21 18:37:06.926
NormalBlink,2016-04-21 18:37:07.326
NormalBlink,2016-04-21 18:37:07.476
NormalBlink,2016-04-21 18:37:07.676
NormalBlink,2016-04-21 18:37:07.892
NormalBlink,2016-04-21 18:37:08.042
NormalBlink,2016-04-21 18:37:08.375
NormalBlink,2016-04-21 18:37:08.575
NormalBlink,2016-04-21 18:37:08.891
NormalBlink,2016-04-21 18:37:09.623
NormalBlink,2016-04-21 18:37:15.150
NormalBlink,2016-04-21 18:37:15.700
NormalBlink,2016-04-21 18:37:16.199
NormalBlink,2016-04-21 18:37:17.215
NormalBlink,2016-04-21 18:37:17.614
NormalBlink,2016-04-21 18:37:18.164
NormalBlink,2016-04-21 18:37:19.846
NormalBlink,2016-04-21 18:37:20.079
NormalBlink,2016-04-21 18:37:21.411
NormalBlink,2016-04-21 18:37:21.594
NormalBlink,2016-04-21 18:37:21.827
NormalBlink,2016-04-21 18:37:22.143
NormalBlink,2016-04-21 18:37:22.445
NormalBlink,2016-04-21 18:37:22.859
NormalBlink,2016-04-21 18:37:23.609
NormalBlink,2016-04-21 18:37:23.958
NormalBlink,2016-04-21 18:37:24.091
NormalBlink,2016-04-21 18:37:24.441
NormalBlink,2016-04-21 18:37:24.607
NormalBlink,2016-04-21 18:37:24.757
NormalBlink,2016-04-21 18:37:25.057
NormalBlink,2016-04-21 18:37:26.821
NormalBlink,2016-04-21 18:37:27.121
NormalBlink,2016-04-21 18:37:27.521
NormalBlink,2016-04-21 18:37:27.920
NormalBlink,2016-04-21 18:37:28.170
NormalBlink,2016-04-21 18:37:28.537
NormalBlink,2016-04-21 18:37:29.269
NormalBlink,2016-04-21 18:37:29.436
NormalBlink,2016-04-21 18:37:29.568
NormalBlink,2016-04-21 18:37:30.035
NormalBlink,2016-04-21 18:37:30.186
NormalBlink,2016-04-21 18:37:30.467
NormalBlink,2016-04-21 18:37:30.617
NormalBlink,2016-04-21 18:37:30.833
NormalBlink,2016-04-21 18:37:31.333
NormalBlink,2016-04-21 18:37:31.551
NormalBlink,2016-04-21 18:37:31.732
NormalBlink,2016-04-21 18:37:31.949
NormalBlink,2016-04-21 18:37:32.365
NormalBlink,2016-04-21 18:37:32.598
NormalBlink,2016-04-21 18:37:32.914
NormalBlink,2016-04-21 18:37:33.064
NormalBlink,2016-04-21 18:37:33.381
NormalBlink,2016-04-21 18:37:33.531
NormalBlink,2016-04-21 18:37:33.713
NormalBlink,2016-04-21 18:37:33.863
NormalBlink,2016-04-21 18:37:34.346
NormalBlink,2016-04-21 18:37:34.596
NormalBlink,2016-04-21 18:37:35.512
NormalBlink,2016-04-21 18:37:35.762
NormalBlink,2016-04-21 18:37:35.912
NormalBlink,2016-04-21 18:37:36.228
NormalBlink,2016-04-21 18:37:36.560
NormalBlink,2016-04-21 18:37:37.193
NormalBlink,2016-04-21 18:37:37.911
NormalBlink,2016-04-21 18:37:38.559
NormalBlink,2016-04-21 18:37:39.158
NormalBlink,2016-04-21 18:37:39.341
NormalBlink,2016-04-21 18:37:39.659
NormalBlink,2016-04-21 18:37:39.991
NormalBlink,2016-04-21 18:37:40.224
NormalBlink,2016-04-21 18:37:40.540
NormalBlink,2016-04-21 18:37:41.007
NormalBlink,2016-04-21 18:37:41.239
NormalBlink,2016-04-21 18:37:41.406
NormalBlink,2016-04-21 18:37:41.705
NormalBlink,2016-04-21 18:37:42.371
NormalBlink,2016-04-21 18:37:43.071
NormalBlink,2016-04-21 18:37:43.354
NormalBlink,2016-04-21 18:37:43.770
NormalBlink,2016-04-21 18:37:44.003
NormalBlink,2016-04-21 18:37:44.469
NormalBlink,2016-04-21 18:37:44.604
NormalBlink,2016-04-21 18:37:44.819
NormalBlink,2016-04-21 18:37:45.218
NormalBlink,2016-04-21 18:37:45.768
NormalBlink,2016-04-21 18:37:46.250
NormalBlink,2016-04-21 18:37:46.633
NormalBlink,2016-04-21 18:37:47.033
NormalBlink,2016-04-21 18:37:47.266
NormalBlink,2016-04-21 18:37:47.982
NormalBlink,2016-04-21 18:37:48.381
NormalBlink,2016-04-21 18:37:48.948
NormalBlink,2016-04-21 18:37:49.263
NormalBlink,2016-04-21 18:37:49.413
NormalBlink,2016-04-21 18:37:49.563
NormalBlink,2016-04-21 18:37:50.762
NormalBlink,2016-04-21 18:37:50.896
NormalBlink,2016-04-21 18:37:51.145
NormalBlink,2016-04-21 18:37:51.494
NormalBlink,2016-04-21 18:37:51.811
NormalBlink,2016-04-21 18:37:51.994
NormalBlink,2016-04-21 18:37:52.477
NormalBlink,2016-04-21 18:37:52.893
NormalBlink,2016-04-21 18:37:53.059
NormalBlink,2016-04-21 18:37:53.209
NormalBlink,2016-04-21 18:37:53.376
NormalBlink,2016-04-21 18:37:53.542
NormalBlink,2016-04-21 18:37:53.925
NormalBlink,2016-04-21 18:37:54.276
NormalBlink,2016-04-21 18:37:54.742
NormalBlink,2016-04-21 18:37:55.075
NormalBlink,2016-04-21 18:37:55.557
NormalBlink,2016-04-21 18:37:55.807
NormalBlink,2016-04-21 18:37:56.024
NormalBlink,2016-04-21 18:37:56.257
NormalBlink,2016-04-21 18:37:56.506
NormalBlink,2016-04-21 18:37:56.823
NormalBlink,2016-04-21 18:37:57.322
NormalBlink,2016-04-21 18:37:57.605
NormalBlink,2016-04-21 18:37:57.941
NormalBlink,2016-04-21 18:37:58.089
NormalBlink,2016-04-21 18:37:58.687
NormalBlink,2016-04-21 18:37:58.837
NormalBlink,2016-04-21 18:37:59.537
NormalBlink,2016-04-21 18:37:59.669
NormalBlink,2016-04-21 18:38:00.735
NormalBlink,2016-04-21 18:38:00.901
NormalBlink,2016-04-21 18:38:01.118
NormalBlink,2016-04-21 18:38:01.734
NormalBlink,2016-04-21 18:38:02.083
NormalBlink,2016-04-21 18:38:02.217
NormalBlink,2016-04-21 18:38:02.599
NormalBlink,2016-04-21 18:38:02.816
NormalBlink,2016-04-21 18:38:03.149
NormalBlink,2016-04-21 18:38:03.565
NormalBlink,2016-04-21 18:38:03.865
NormalBlink,2016-04-21 18:38:04.198
NormalBlink,2016-04-21 18:38:05.047
NormalBlink,2016-04-21 18:38:05.812
NormalBlink,2016-04-21 18:38:06.445
NormalBlink,2016-04-21 18:38:06.778
NormalBlink,2016-04-21 18:38:07.194
NormalBlink,2016-04-21 18:38:07.394
NormalBlink,2016-04-21 18:38:07.560
NormalBlink,2016-04-21 18:38:07.943
NormalBlink,2016-04-21 18:38:08.509
NormalBlink,2016-04-21 18:38:08.859
NormalBlink,2016-04-21 18:38:09.225
NormalBlink,2016-04-21 18:38:09.475
NormalBlink,2016-04-21 18:38:09.708
NormalBlink,2016-04-21 18:38:10.507
NormalBlink,2016-04-21 18:38:10.740
NormalBlink,2016-04-21 18:38:11.140
NormalBlink,2016-04-21 18:38:11.256
NormalBlink,2016-04-21 18:38:22.495
NormalBlink,2016-04-21 18:38:28.571
NormalBlink,2016-04-21 18:38:33.633
NormalBlink,2016-04-21 18:38:39.310
NormalBlink,2016-04-21 18:38:41.923
NormalBlink,2016-04-21 18:38:42.523
NormalBlink,2016-04-21 18:38:42.756
NormalBlink,2016-04-21 18:38:43.089
NormalBlink,2016-04-21 18:38:43.572
NormalBlink,2016-04-21 18:38:43.854
NormalBlink,2016-04-21 18:38:44.504
NormalBlink,2016-04-21 18:38:45.503
NormalBlink,2016-04-21 18:38:46.585
NormalBlink,2016-04-21 18:38:46.801
NormalBlink,2016-04-21 18:38:47.551
NormalBlink,2016-04-21 18:38:47.818
NormalBlink,2016-04-21 18:38:48.500
NormalBlink,2016-04-21 18:38:50.049
NormalBlink,2016-04-21 18:38:50.964
NormalBlink,2016-04-21 18:38:51.348
NormalBlink,2016-04-21 18:38:51.880
NormalBlink,2016-04-21 18:38:52.462
NormalBlink,2016-04-21 18:38:52.712
NormalBlink,2016-04-21 18:38:53.028
NormalBlink,2016-04-21 18:38:53.378
NormalBlink,2016-04-21 18:38:53.877
NormalBlink,2016-04-21 18:38:54.044
NormalBlink,2016-04-21 18:38:54.627
NormalBlink,2016-04-21 18:38:54.860
NormalBlink,2016-04-21 18:38:55.775
NormalBlink,2016-04-21 18:38:56.042
NormalBlink,2016-04-21 18:38:56.874
NormalBlink,2016-04-21 18:38:57.540
NormalBlink,2016-04-21 18:38:58.290
NormalBlink,2016-04-21 18:38:58.456
NormalBlink,2016-04-21 18:38:58.772
NormalBlink,2016-04-21 18:38:59.271
NormalBlink,2016-04-21 18:38:59.454
NormalBlink,2016-04-21 18:38:59.954
NormalBlink,2016-04-21 18:39:00.203
NormalBlink,2016-04-21 18:39:00.853
NormalBlink,2016-04-21 18:39:01.369
NormalBlink,2016-04-21 18:39:02.101
NormalBlink,2016-04-21 18:39:02.601
NormalBlink,2016-04-21 18:39:02.751
NormalBlink,2016-04-21 18:39:03.150
NormalBlink,2016-04-21 18:39:03.350
NormalBlink,2016-04-21 18:39:03.766
NormalBlink,2016-04-21 18:39:03.999
NormalBlink,2016-04-21 18:39:04.266
NormalBlink,2016-04-21 18:39:04.415
NormalBlink,2016-04-21 18:39:04.933
NormalBlink,2016-04-21 18:39:05.349
NormalBlink,2016-04-21 18:39:05.915
NormalBlink,2016-04-21 18:39:06.248
NormalBlink,2016-04-21 18:39:06.497
NormalBlink,2016-04-21 18:39:06.747
NormalBlink,2016-04-21 18:39:07.430
NormalBlink,2016-04-21 18:39:07.596
NormalBlink,2016-04-21 18:39:08.079
NormalBlink,2016-04-21 18:39:08.345
NormalBlink,2016-04-21 18:39:08.512
NormalBlink,2016-04-21 18:39:08.678
LongBlink,2016-04-21 18:39:09.344
NormalBlink,2016-04-21 18:39:09.927
NormalBlink,2016-04-21 18:39:10.093
NormalBlink,2016-04-21 18:39:10.343
NormalBlink,2016-04-21 18:39:10.593
NormalBlink,2016-04-21 18:39:10.842
NormalBlink,2016-04-21 18:39:11.558
NormalBlink,2016-04-21 18:39:11.828
NormalBlink,2016-04-21 18:39:12.008
NormalBlink,2016-04-21 18:39:12.424
NormalBlink,2016-04-21 18:39:12.890
NormalBlink,2016-04-21 18:39:13.111
NormalBlink,2016-04-21 18:39:13.406
NormalBlink,2016-04-21 18:39:13.573
NormalBlink,2016-04-21 18:39:13.906
NormalBlink,2016-04-21 18:39:14.072
NormalBlink,2016-04-21 18:39:14.572
NormalBlink,2016-04-21 18:39:14.790
NormalBlink,2016-04-21 18:39:15.371
NormalBlink,2016-04-21 18:39:15.623
NormalBlink,2016-04-21 18:39:16.070
NormalBlink,2016-04-21 18:39:16.553
NormalBlink,2016-04-21 18:39:16.786
NormalBlink,2016-04-21 18:39:17.302
NormalBlink,2016-04-21 18:39:17.485
NormalBlink,2016-04-21 18:39:17.735
NormalBlink,2016-04-21 18:39:17.901
NormalBlink,2016-04-21 18:39:18.301
NormalBlink,2016-04-21 18:39:18.634
NormalBlink,2016-04-21 18:39:18.800
NormalBlink,2016-04-21 18:39:19.300
NormalBlink,2016-04-21 18:39:19.815
NormalBlink,2016-04-21 18:39:20.049
NormalBlink,2016-04-21 18:39:20.233
NormalBlink,2016-04-21 18:39:20.481
NormalBlink,2016-04-21 18:39:21.397
NormalBlink,2016-04-21 18:39:21.713
NormalBlink,2016-04-21 18:39:21.897
NormalBlink,2016-04-21 18:39:22.046
NormalBlink,2016-04-21 18:39:22.880
NormalBlink,2016-04-21 18:39:23.296
NormalBlink,2016-04-21 18:39:23.796
NormalBlink,2016-04-21 18:39:24.461
NormalBlink,2016-04-21 18:39:24.944
NormalBlink,2016-04-21 18:39:25.460
NormalBlink,2016-04-21 18:39:26.209
NormalBlink,2016-04-21 18:39:28.657
NormalBlink,2016-04-21 18:39:29.006
NormalBlink,2016-04-21 18:39:30.338
NormalBlink,2016-04-21 18:39:30.737
NormalBlink,2016-04-21 18:39:31.170
NormalBlink,2016-04-21 18:39:31.404
NormalBlink,2016-04-21 18:39:31.587
NormalBlink,2016-04-21 18:39:31.970
NormalBlink,2016-04-21 18:39:32.419
NormalBlink,2016-04-21 18:39:32.652
NormalBlink,2016-04-21 18:39:32.918
NormalBlink,2016-04-21 18:39:33.168
NormalBlink,2016-04-21 18:39:34.566
NormalBlink,2016-04-21 18:39:34.983
NormalBlink,2016-04-21 18:39:35.565
NormalBlink,2016-04-21 18:39:36.531
NormalBlink,2016-04-21 18:39:36.714
NormalBlink,2016-04-21 18:39:37.064
NormalBlink,2016-04-21 18:39:37.380
NormalBlink,2016-04-21 18:39:37.563
NormalBlink,2016-04-21 18:39:37.713
NormalBlink,2016-04-21 18:39:38.295
NormalBlink,2016-04-21 18:39:38.462
NormalBlink,2016-04-21 18:39:38.712
NormalBlink,2016-04-21 18:39:39.012
NormalBlink,2016-04-21 18:39:39.278
NormalBlink,2016-04-21 18:39:39.527
NormalBlink,2016-04-21 18:39:39.762
NormalBlink,2016-04-21 18:39:40.012
NormalBlink,2016-04-21 18:39:40.261
NormalBlink,2016-04-21 18:39:40.794
NormalBlink,2016-04-21 18:39:41.127
NormalBlink,2016-04-21 18:39:41.293
NormalBlink,2016-04-21 18:39:41.793
NormalBlink,2016-04-21 18:39:42.126
NormalBlink,2016-04-21 18:39:42.327
NormalBlink,2016-04-21 18:39:42.775
NormalBlink,2016-04-21 18:39:43.125
NormalBlink,2016-04-21 18:39:43.624
NormalBlink,2016-04-21 18:39:43.790
NormalBlink,2016-04-21 18:39:44.523
NormalBlink,2016-04-21 18:39:44.856
NormalBlink,2016-04-21 18:39:45.288
LongBlink,2016-04-21 18:39:47.120
NormalBlink,2016-04-21 18:39:47.536
NormalBlink,2016-04-21 18:39:47.836
NormalBlink,2016-04-21 18:39:48.069
NormalBlink,2016-04-21 18:39:48.485
LongBlink,2016-04-21 18:39:49.850
NormalBlink,2016-04-21 18:39:50.453
NormalBlink,2016-04-21 18:39:50.716
NormalBlink,2016-04-21 18:39:51.016
NormalBlink,2016-04-21 18:39:51.232
LongBlink,2016-04-21 18:39:52.813
NormalBlink,2016-04-21 18:39:52.913
NormalBlink,2016-04-21 18:39:53.063
NormalBlink,2016-04-21 18:39:53.646
NormalBlink,2016-04-21 18:39:53.829
LongBlink,2016-04-21 18:39:54.761
NormalBlink,2016-04-21 18:39:54.944
NormalBlink,2016-04-21 18:39:55.211
NormalBlink,2016-04-21 18:39:55.545
NormalBlink,2016-04-21 18:39:55.593
NormalBlink,2016-04-21 18:39:55.910
NormalBlink,2016-04-21 18:39:56.062
NormalBlink,2016-04-21 18:39:56.160
NormalBlink,2016-04-21 18:39:56.376
NormalBlink,2016-04-21 18:39:56.759
NormalBlink,2016-04-21 18:39:56.926
NormalBlink,2016-04-21 18:39:57.093
NormalBlink,2016-04-21 18:39:57.343
