CRX,CRY,TimeStamp, 
982.5571,220.1852,43:10.9,
840.6305,170.8591,43:10.9,
814.4178,162.1587,43:10.9,
1265.3719,428.7952,43:10.9,
817.8035,171.8303,43:10.9,
828.9437,162.4529,43:10.9,
828.2185,178.133,43:11.0,
821.6576,160.1212,43:11.0,
813.5382,180.987,43:11.0,
836.8757,173.7007,43:11.0,
833.4578,160.3295,43:11.0,
822.1187,191.7036,43:11.0,
800.0769,169.047,43:11.1,
811.3839,167.5686,43:11.1,
741.8846,356.2759,43:11.1,
746.2458,332.4619,43:11.2,
758.7173,328.9451,43:11.2,
736.4707,326.0896,43:11.2,
744.9067,319.1399,43:11.2,
747.3745,333.9138,43:11.3,
746.6136,321.8676,43:11.3,
765.0774,327.5952,43:11.3,
772.8339,170.3427,43:11.3,
791.8488,78.7315,43:11.3,
780.0464,76.2395,43:11.4,
778.1152,83.0109,43:11.4,
795.4175,85.0362,43:11.4,
772.5499,100.2535,43:11.4,
773.6861,86.6647,43:11.4,
787.0404,60.1978,43:11.4,
770.9059,103.0948,43:11.5,
766.4848,93.8286,43:11.5,
775.0115,105.0119,43:11.5,
759.1611,57.0695,43:11.5,
867.6384,112.174,43:11.5,
777.8888,59.5351,43:11.6,
768.0862,95.814,43:11.6,
772.6709,89.3864,43:11.6,
763.2091,97.3437,43:11.6,
761.283,94.0919,43:11.6,
771.0996,51.2549,43:11.8,
772.4471,99.4361,43:11.9,
799.7032,51.0401,43:11.9,
760.514,353.9156,43:12.0,
694.2198,517.1222,43:12.2,
409.5258,440.8892,43:12.3,
290.0622,455.6727,43:12.3,
289.8519,455.4967,43:12.3,
307.6171,415.2815,43:12.3,
297.6664,444.201,43:12.3,
302.2944,444.2158,43:12.4,
313.6252,405.9453,43:12.4,
335.4056,416.1442,43:12.4,
296.5138,436.3969,43:12.4,
358.6539,383.5137,43:12.9,
384.9954,392.8507,43:12.9,
733.6059,495.4718,43:13.0,
762.53,487.4031,43:13.1,
763.8084,485.3329,43:13.2,
762.2934,497.2351,43:13.2,
858.5751,491.8504,43:13.2,
859.7894,488.7622,43:13.3,
849.7141,516.4248,43:13.3,
830.8485,523.0922,43:13.3,
802.4172,476.331,43:13.5,
775.4908,501.2641,43:13.6,
845.6642,525.4327,43:13.7,
831.7549,518.1194,43:13.8,
821.1271,510.5541,43:13.8,
817.1835,510.427,43:13.8,
831.5188,502.45,43:13.9,
816.3456,521.2937,43:13.9,
811.3831,520.9963,43:13.9,
807.147,524.1334,43:13.9,
840.5251,512.9977,43:14.0,
832.3643,531.4667,43:14.0,
815.441,521.4119,43:14.0,
824.4755,536.418,43:14.0,
817.9244,509.2333,43:14.0,
825.856,522.0403,43:14.1,
820.217,506.1376,43:14.1,
819.66,527.6835,43:14.1,
813.0679,526.4236,43:14.1,
829.0765,514.6152,43:14.1,
819.856,498.9696,43:14.2,
824.9625,525.8669,43:14.2,
814.5574,542.2913,43:14.2,
824.0073,526.9229,43:14.2,
830.9224,518.5375,43:14.3,
822.7719,536.1597,43:14.3,
830.547,490.764,43:14.4,
832.3958,526.3029,43:14.4,
811.9897,521.4611,43:14.4,
823.5126,521.3417,43:14.4,
838.5228,518.7532,43:14.5,
818.5715,503.836,43:14.5,
832.9016,525.489,43:14.5,
830.0331,510.8746,43:14.5,
833.2269,510.1113,43:14.6,
818.8686,533.4862,43:14.5,
813.8271,511.3037,43:14.6,
828.702,524.881,43:14.6,
827.9342,530.6116,43:14.6,
813.8205,512.5612,43:14.6,
838.2339,527.2439,43:14.6,
834.9557,527.9235,43:14.7,
820.4683,533.6511,43:14.7,
829.6989,519.4327,43:14.7,
833.2062,530.4078,43:14.7,
825.8166,535.3129,43:14.7,
885.3569,545.2267,43:14.7,
862.3344,522.359,43:14.8,
869.6324,526.5151,43:14.8,
867.8595,508.14,43:14.8,
861.2272,515.4532,43:14.8,
858.9663,525.3282,43:14.8,
855.5817,528.7438,43:14.9,
855.9893,542.1096,43:14.9,
857.6836,504.589,43:14.9,
863.7554,526.0593,43:14.9,
858.6458,513.4241,43:14.9,
870.0264,516.6221,43:15.0,
854.369,517.9176,43:15.0,
868.6632,529.0964,43:15.1,
861.0488,506.4933,43:15.1,
848.1143,518.7328,43:15.0,
861.0573,521.017,43:15.1,
856.4985,516.8552,43:15.1,
861.6292,500.83,43:15.1,
726.7993,481.86,43:15.2,
664.7913,490.9076,43:15.2,
673.7693,478.8041,43:15.2,
683.4819,492.0593,43:15.2,
669.3936,486.1604,43:15.3,
673.3401,517.8482,43:15.3,
674.518,486.3334,43:15.3,
665.6302,496.2131,43:15.3,
670.9949,479.464,43:15.3,
688.4254,475.3653,43:15.4,
675.319,488.462,43:15.4,
672.9192,494.0814,43:15.4,
678.3961,503.0171,43:15.5,
673.022,495.5067,43:15.5,
671.1582,502.8509,43:15.5,
685.5436,495.1241,43:15.5,
686.0847,492.3275,43:15.5,
682.9683,471.7374,43:15.5,
688.6187,518.3265,43:15.6,
679.1691,499.3745,43:15.6,
699.2511,489.5443,43:15.6,
687.3744,494.7877,43:15.6,
679.2057,491.3949,43:15.6,
682.6851,510.7853,43:15.6,
685.5705,502.5863,43:15.7,
685.9067,490.3075,43:15.7,
692.8011,503.9279,43:15.7,
687.7737,504.8865,43:15.7,
688.1208,501.0623,43:15.8,
684.6077,495.1172,43:15.8,
693.3846,494.4975,43:15.8,
693.0154,505.2456,43:15.8,
692.6664,501.93,43:15.8,
698.6541,481.0212,43:15.8,
711.325,458.8123,43:15.9,
703.7381,481.7144,43:15.9,
694.3692,501.3176,43:15.9,
704.1237,496.0382,43:15.9,
712.7748,503.7615,43:15.9,
687.6995,488.1354,43:16.0,
703.8776,466.4553,43:16.0,
702.5083,484.9465,43:16.0,
710.0767,492.3468,43:16.0,
693.322,461.8423,43:16.0,
695.3336,506.3452,43:16.0,
699.9913,486.1033,43:16.1,
697.0021,471.0457,43:16.1,
692.2728,487.3499,43:16.1,
698.2105,489.0515,43:16.2,
679.6753,472.7819,43:16.2,
696.8842,481.8757,43:16.2,
708.9756,474.0105,43:16.2,
699.4164,477.3986,43:16.3,
710.9066,485.3613,43:16.4,
708.7275,486.262,43:16.4,
709.8501,456.2277,43:16.5,
704.6996,475.3017,43:16.5,
703.4443,480.0212,43:16.5,
710.139,468.6415,43:16.5,
721.9734,467.0806,43:16.6,
798.1265,501.6314,43:16.6,
788.663,478.2716,43:16.6,
806.856,509.7588,43:16.7,
803.4608,486.6009,43:16.7,
814.2828,472.5149,43:16.7,
828.3516,468.281,43:16.8,
821.7318,490.3346,43:16.8,
804.5278,498.3912,43:16.8,
819.1504,500.8305,43:16.8,
816.9701,493.0269,43:16.8,
817.3518,477.1443,43:16.9,
828.5951,470.1275,43:16.9,
818.3427,492.3687,43:16.9,
825.0917,487.2252,43:16.9,
823.4281,483.1505,43:17.0,
806.9515,493.7401,43:17.0,
812.5851,472.7284,43:17.1,
810.9507,494.8131,43:17.1,
797.3326,487.9106,43:17.1,
812.0137,493.1002,43:17.1,
830.4487,498.0328,43:17.2,
816.0507,496.5988,43:17.2,
827.0677,492.386,43:17.2,
817.1063,481.1553,43:17.2,
831.793,480.8843,43:17.2,
816.538,501.403,43:17.3,
959.3795,498.8543,43:17.3,
971.843,492.8502,43:17.3,
979.0282,523.887,43:17.3,
972.4854,521.0117,43:17.4,
979.4951,505.801,43:17.3,
958.748,520.6168,43:17.4,
956.2944,523.0042,43:17.4,
966.7589,505.024,43:17.5,
977.7202,501.8289,43:17.5,
966.6577,516.1317,43:17.5,
949.362,508.3368,43:17.5,
967.3774,517.7223,43:17.6,
962.8405,521.3192,43:17.7,
964.2799,510.4609,43:17.7,
977.8236,512.9926,43:17.7,
779.0193,439.7859,43:17.9,
772.349,447.9781,43:17.8,
770.0328,457.2898,43:17.9,
784.6411,485.7788,43:18.0,
780.3226,460.9584,43:18.0,
785.8633,448.9424,43:18.1,
772.4501,445.9695,43:18.1,
766.1081,445.8397,43:18.1,
784.3571,433.9412,43:18.1,
765.1274,471.5159,43:18.2,
761.5492,448.7278,43:18.2,
922.2059,469.168,43:18.2,
915.5703,492.4422,43:18.2,
943.0289,490.9137,43:18.2,
915.7039,495.0007,43:18.3,
931.5859,477.3619,43:18.3,
913.0024,488.4091,43:18.3,
921.9856,485.1354,43:18.3,
913.5334,511.3882,43:18.4,
922.7334,492.4673,43:18.4,
913.3843,482.1306,43:18.4,
906.7443,490.9189,43:18.4,
918.5779,471.9827,43:18.5,
917.7118,496.7084,43:18.5,
912.9925,492.5833,43:18.5,
911.6339,506.7466,43:18.5,
897.8497,499.8748,43:18.6,
929.9619,495.936,43:18.6,
919.5884,480.399,43:18.6,
902.1464,494.7425,43:18.6,
904.1507,492.7855,43:18.7,
914.2681,470.1703,43:18.7,
920.0933,484.2825,43:18.7,
1333.262,549.2603,43:18.8,
1323.4595,535.4968,43:18.8,
1324.2312,525.6074,43:18.8,
1300.5493,539.7855,43:18.8,
1337.1641,552.4459,43:18.8,
1314.5623,534.5922,43:18.9,
1340.7527,535.1444,43:18.9,
1326.6852,528.441,43:18.9,
1308.1343,536.8888,43:18.9,
1324.2284,553.1205,43:19.0,
1331.7465,540.6887,43:19.0,
1323.4607,541.539,43:19.0,
1329.719,542.0179,43:19.0,
1329.8843,533.9285,43:19.1,
1328.6636,537.0104,43:19.1,
1319.9888,542.0175,43:19.2,
1343.8475,533.9465,43:19.2,
1339.4065,542.9956,43:19.3,
1330.9172,540.0562,43:19.3,
1325.4058,545.391,43:19.3,
1343.0031,508.9553,43:19.4,
1316.8933,531.3198,43:19.4,
1339.3303,527.25,43:19.4,
1331.4479,542.9651,43:19.4,
1322.8011,550.1771,43:19.4,
1331.8563,531.726,43:19.5,
1332.1819,547.925,43:19.5,
1336.2524,533.8831,43:19.5,
1340.0979,555.6091,43:19.5,
1324.0875,533.5116,43:19.6,
1316.3578,552.6815,43:19.6,
1314.6357,551.8512,43:19.6,
1334.9246,545.6721,43:19.6,
1338.155,549.4933,43:19.6,
1332.6785,523.0232,43:19.7,
1333.6306,525.8615,43:19.7,
1309.5334,537.379,43:19.7,
1325.5623,547.4141,43:19.7,
1329.9143,532.4561,43:19.7,
1344.4087,538.9355,43:19.7,
1325.8597,544.4335,43:19.8,
1331.1392,522.6942,43:19.8,
1321.926,533.5797,43:19.9,
1335.4146,525.9445,43:19.9,
1330.6421,535.0928,43:19.9,
1348.1973,525.0207,43:19.9,
1332.8765,532.5463,43:20.0,
1345.5505,516.249,43:20.0,
1331.8955,528.1199,43:20.0,
1355.4359,533.7259,43:20.1,
1327.0308,553.5635,43:20.0,
1469.5089,537.3604,43:20.1,
1474.7498,526.9866,43:20.1,
1468.3215,524.8361,43:20.2,
1469.688,518.6649,43:20.2,
1464.6116,543.6827,43:20.2,
1466.1807,533.743,43:20.3,
1462.8328,522.2771,43:20.3,
1454.9194,550.9949,43:20.3,
1488.0674,534.0227,43:20.3,
1465.0807,553.6202,43:20.4,
1437.8864,541.6091,43:20.4,
1461.0145,529.8763,43:20.4,
1444.3724,535.3933,43:20.5,
1461.0145,529.8763,43:20.5,
1451.8027,534.5391,43:20.5,
1442.0879,533.2405,43:20.5,
1473.6082,556.2043,43:20.5,
1135.8906,315.8549,43:20.6,
929.2012,222.5638,43:20.6,
885.9135,185.1983,43:20.7,
881.8005,187.0835,43:20.7,
888.5676,211.8641,43:20.8,
888.0354,160.5074,43:20.8,
903.5869,170.5567,43:20.8,
404.9921,159.0337,43:20.9,
173.1197,186.4265,43:20.9,
100.2444,220.0386,43:21.0,
90.6833,232.8806,43:21.0,
86.6206,247.2716,43:21.0,
91.8368,241.4922,43:21.0,
79.1146,202.0876,43:21.0,
81.2685,217.8356,43:21.1,
97.8343,233.8052,43:21.1,
98.613,211.362,43:21.1,
96.3458,230.331,43:21.1,
110.0381,233.9038,43:21.1,
91.306,243.009,43:21.2,
108.2778,229.2441,43:21.2,
89.9211,225.8321,43:21.2,
118.5318,249.2575,43:21.3,
61.0969,464.2921,43:21.3,
134.053,692.0332,43:21.3,
360.3306,814.2,43:21.3,
351.5365,828.9623,43:21.4,
363.6199,815.436,43:21.4,
370.1171,828.9023,43:21.6,
625.1565,776.4067,43:21.6,
841.5735,674.5063,43:21.6,
821.1663,673.5673,43:21.7,
830.4408,648.4132,43:21.6,
817.8782,705.7622,43:21.7,
825.1687,666.4362,43:21.7,
821.7261,679.6563,43:21.8,
802.2152,690.3861,43:21.8,
826.3855,702.8336,43:21.8,
826.8183,702.8324,43:21.8,
877.6575,583.0354,43:21.9,
896.1122,598.0806,43:21.9,
854.3212,593.3829,43:22.0,
865.838,597.5891,43:21.9,
870.4858,601.4733,43:22.0,
872.686,596.519,43:22.0,
879.0093,603.8378,43:22.1,
866.2753,587.851,43:22.1,
882.069,594.5472,43:22.1,
875.788,590.2223,43:22.1,
871.0625,597.7205,43:22.1,
872.1783,582.8221,43:22.2,
881.6371,572.725,43:22.2,
901.1025,550.2968,43:22.2,
893.64,500.3286,43:22.2,
893.9807,504.8827,43:22.3,
876.9193,510.0282,43:22.3,
888.2139,488.487,43:22.3,
891.9794,501.2027,43:22.4,
908.4357,497.8923,43:22.4,
893.1602,488.0679,43:22.4,
878.6315,526.8274,43:22.4,
881.0537,498.3768,43:22.4,
898.3781,504.4722,43:22.5,
888.7683,505.5364,43:22.5,
879.5005,490.1983,43:22.5,
905.4572,499.6766,43:22.5,
876.9653,493.8789,43:22.5,
907.1403,508.4274,43:22.5,
911.4302,497.3044,43:22.6,
1008.1495,445.6649,43:22.6,
1012.1802,422.5911,43:22.6,
1037.3104,415.1083,43:22.6,
1027.356,414.2354,43:22.7,
1022.2802,434.6734,43:22.7,
1003.6833,438.5139,43:22.7,
1022.7385,412.6456,43:22.7,
1019.599,411.442,43:22.8,
1023.9113,409.3428,43:22.8,
1039.6967,402.2034,43:22.9,
1035.9791,408.694,43:22.9,
1026.27,420.9216,43:22.9,
1035.5701,414.5922,43:22.9,
920.5202,508.3509,43:23.0,
1021.6907,398.3555,43:23.0,
863.9648,604.5169,43:23.0,
786.1575,691.8613,43:23.0,
778.6293,705.8336,43:23.1,
771.3145,708.4229,43:23.1,
773.9607,703.5671,43:23.1,
778.3497,691.4738,43:23.1,
786.11,683.9138,43:23.1,
763.4575,703.1908,43:23.2,
775.1622,717.8365,43:23.2,
772.6544,697.1272,43:23.2,
786.6049,718.3808,43:23.2,
776.6689,711.0393,43:23.2,
787.7994,696.6414,43:23.3,
786.2367,688.7308,43:23.3,
782.4104,700.4574,43:23.3,
761.5573,714.0211,43:23.3,
779.9645,719.4916,43:23.3,
775.7368,718.166,43:23.4,
800.1804,659.8087,43:23.4,
780.1737,701.132,43:23.4,
776.9255,698.9053,43:23.5,
767.8531,708.5446,43:23.5,
760.2581,718.1581,43:23.5,
795.805,702.0313,43:23.6,
778.2742,715.7009,43:23.6,
783.2109,558.6665,43:23.6,
827.2549,501.3059,43:23.7,
849.0222,504.8564,43:23.6,
834.1547,461.0701,43:23.7,
829.6298,504.9574,43:23.7,
824.5424,489.0175,43:23.7,
839.5278,482.4268,43:23.7,
820.9117,471.0862,43:23.8,
832.655,490.8881,43:23.8,
815.9365,498.5451,43:23.8,
822.0826,504.9573,43:23.8,
1034.038,514.2512,43:23.9,
977.9493,526.6083,43:23.9,
1032.1395,516.5181,43:23.9,
1023.0787,519.6841,43:24.0,
1014.3691,529.7407,43:24.0,
1006.1416,506.0521,43:24.0,
1025.1443,494.668,43:24.0,
1007.4199,516.5414,43:24.1,
1025.3331,515.666,43:24.1,
987.7658,512.3842,43:24.1,
841.3254,508.8244,43:24.1,
868.4375,511.7143,43:24.2,
852.4562,530.3077,43:24.2,
856.6285,511.9263,43:24.2,
834.7976,515.4183,43:24.2,
847.8026,516.0265,43:24.2,
833.0569,533.4011,43:24.3,
849.7314,514.5207,43:24.3,
850.2089,538.3264,43:24.3,
847.7509,528.4429,43:24.4,
865.0728,518.5067,43:24.4,
826.3253,532.4257,43:24.4,
844.2906,525.329,43:24.4,
843.7417,522.3264,43:24.4,
848.0471,530.8764,43:24.4,
856.9039,528.9877,43:24.5,
835.3445,535.6448,43:24.5,
844.3022,535.671,43:24.5,
845.2645,519.6589,43:24.5,
841.1021,526.67,43:24.6,
848.132,521.5046,43:24.6,
836.5392,526.9057,43:24.6,
862.5251,533.2666,43:24.6,
853.8145,521.6727,43:24.7,
856.8844,524.8055,43:24.7,
866.5382,511.3644,43:24.7,
856.7799,527.3115,43:24.7,
856.5646,542.7542,43:24.7,
851.7932,521.5941,43:24.8,
844.3707,533.0109,43:24.8,
854.3198,539.0414,43:24.8,
867.2808,524.4135,43:24.8,
832.416,487.6124,43:24.9,
861.0746,538.308,43:24.9,
847.9993,542.8821,43:24.9,
835.0421,539.743,43:25.0,
856.2022,528.8245,43:25.0,
850.8506,523.5685,43:25.0,
847.4986,517.1194,43:25.0,
824.1007,541.7655,43:25.0,
830.4045,513.5757,43:25.1,
840.0518,517.4413,43:25.1,
854.3426,503.6479,43:25.1,
853.4792,532.9176,43:25.1,
858.382,516.9878,43:25.2,
668.4214,621.5842,43:25.2,
663.3781,646.0297,43:25.3,
674.847,634.5645,43:25.3,
670.585,632.2616,43:25.3,
671.0931,627.067,43:25.4,
664.3302,636.3251,43:25.4,
647.9296,646.6713,43:25.4,
671.9894,627.2723,43:25.4,
670.6978,652.8514,43:25.4,
617.4451,667.9104,43:25.5,
551.0483,716.2953,43:25.7,
569.0338,709.4172,43:25.8,
571.1151,706.0293,43:25.8,
555.4697,712.4017,43:25.8,
569.8577,702.3493,43:25.9,
576.7523,706.7098,43:25.9,
579.4965,711.5764,43:25.9,
559.0276,690.1514,43:25.9,
600.1057,701.9633,43:25.9,
742.4425,690.9871,43:26.0,
716.72,678.78,43:26.0,
739.4766,675.8164,43:26.1,
713.774,689.0021,43:26.1,
727.1309,670.2889,43:26.2,
727.9875,672.5012,43:26.2,
717.2629,681.9053,43:26.3,
717.287,689.625,43:26.3,
721.7509,675.5592,43:26.3,
716.9423,683.5682,43:26.3,
715.1597,675.1351,43:26.3,
712.4735,686.7925,43:26.4,
730.1536,691.7599,43:26.4,
714.7063,680.3564,43:26.4,
732.6416,677.73,43:26.4,
711.1525,689.2297,43:26.4,
737.6499,668.2101,43:26.5,
733.7407,666.3065,43:26.5,
721.7977,668.3286,43:26.5,
717.4309,687.352,43:26.5,
726.5554,663.3651,43:26.5,
748.6213,669.3866,43:26.6,
729.3856,670.4731,43:26.6,
739.3707,654.8279,43:26.6,
725.6775,666.3354,43:26.6,
728.3998,656.5269,43:26.6,
725.5369,653.7197,43:26.7,
721.1525,651.1711,43:26.7,
734.2283,656.267,43:26.7,
740.7703,651.7202,43:26.7,
743.859,668.5561,43:26.8,
727.4153,649.9271,43:26.8,
735.0784,653.2323,43:26.8,
719.1249,647.3315,43:26.8,
728.1194,671.6592,43:26.8,
746.3418,661.6049,43:26.9,
718.8284,651.0458,43:26.9,
731.8799,632.9037,43:26.9,
715.9819,645.9451,43:26.9,
737.6134,642.6269,43:27.0,
741.2985,659.0622,43:27.0,
761.29,605.2231,43:27.0,
788.5701,571.3956,43:27.0,
770.8708,599.5709,43:27.0,
790.9968,583.2046,43:27.1,
787.5626,583.2714,43:27.1,
794.311,578.0181,43:27.1,
768.1522,580.8282,43:27.1,
787.515,573.5923,43:27.2,
778.4404,575.834,43:27.2,
780.7022,581.653,43:27.2,
768.1871,590.1667,43:27.2,
800.1716,575.0778,43:27.2,
784.7729,560.2448,43:27.3,
769.8168,577.2686,43:27.3,
794.1307,569.8633,43:27.3,
774.8279,565.3761,43:27.4,
784.1219,585.6337,43:27.4,
805.3394,541.1404,43:27.5,
781.985,568.3856,43:27.5,
806.0465,580.2384,43:27.5,
801.7958,541.5752,43:27.6,
796.4102,551.345,43:27.6,
967.7825,537.7082,43:27.6,
802.3392,570.5546,43:27.6,
969.5338,530.4475,43:27.6,
987.1589,543.7678,43:27.7,
983.0682,547.9224,43:27.7,
997.6141,547.5825,43:27.7,
996.501,519.1898,43:27.7,
987.6674,554.7751,43:27.7,
992.158,515.684,43:27.8,
988.0508,531.6208,43:27.8,
979.8966,546.1197,43:27.9,
1017.2354,526.5968,43:27.9,
985.5367,537.8541,43:27.9,
1010.4393,530.0869,43:27.9,
949.011,537.6471,43:27.9,
808.6331,441.1207,43:28.0,
763.8936,452.3719,43:28.0,
764.0959,426.3962,43:28.0,
767.2072,427.3569,43:28.0,
764.4222,449.7455,43:28.0,
751.8983,464.9665,43:28.1,
766.7756,449.0361,43:28.1,
755.6857,447.3041,43:28.1,
746.9559,445.49,43:28.2,
786.0037,431.3575,43:28.2,
770.9032,447.8614,43:28.2,
775.0836,430.6655,43:28.3,
776.5823,422.2774,43:28.3,
780.9867,442.8127,43:28.4,
790.8762,444.9796,43:28.4,
779.3914,443.9567,43:28.4,
802.5621,419.7154,43:28.4,
772.9269,437.1094,43:28.5,
772.5356,421.2039,43:28.5,
769.6464,443.8011,43:28.5,
788.2755,435.3674,43:28.5,
778.865,454.7032,43:28.5,
775.106,447.2343,43:28.5,
791.8448,435.9715,43:28.6,
755.7291,418.1212,43:28.6,
780.4757,430.9909,43:28.6,
785.8507,442.9413,43:28.6,
760.2582,458.3547,43:28.7,
757.3079,429.2551,43:28.7,
789.8844,449.8576,43:28.7,
775.5762,422.06,43:28.7,
773.5723,459.4333,43:28.8,
783.4211,438.8396,43:28.8,
767.7036,432.9582,43:28.9,
767.4852,454.7811,43:28.9,
798.3346,408.6331,43:28.9,
801.9917,449.1805,43:28.9,
782.4078,451.7418,43:28.9,
785.4838,449.5122,43:28.9,
773.2439,440.7583,43:29.0,
784.538,456.9686,43:29.0,
786.5132,444.5405,43:29.0,
773.421,444.3436,43:29.1,
792.83,463.5148,43:29.1,
786.9476,437.3497,43:29.1,
772.6202,455.2843,43:29.1,
777.8377,467.1113,43:29.1,
779.8619,457.1309,43:29.2,
768.3951,448.4967,43:29.2,
771.6251,442.3379,43:29.2,
769.7437,449.8088,43:29.3,
776.812,465.9594,43:29.3,
775.7653,434.7961,43:29.3,
764.7722,464.0403,43:29.3,
782.5901,462.2749,43:29.3,
772.1046,458.8804,43:29.3,
780.6328,449.2962,43:29.4,
805.6972,423.2777,43:29.4,
765.9388,463.2815,43:29.4,
773.0287,451.1416,43:29.5,
759.0951,450.4557,43:29.5,
767.8795,461.6015,43:29.5,
761.5719,426.0854,43:29.5,
773.099,426.5438,43:29.6,
769.4878,439.8687,43:29.6,
764.5723,448.5313,43:29.6,
770.4545,472.6586,43:29.6,
786.0819,425.6028,43:29.7,
763.5685,463.3662,43:29.7,
785.9249,454.0903,43:29.7,
752.5544,465.9082,43:29.7,
763.9264,475.3711,43:29.7,
752.4702,468.1141,43:29.8,
756.5731,458.3458,43:29.8,
800.2007,462.9047,43:29.8,
772.76,432.2135,43:29.8,
857.8238,488.3112,43:29.8,
851.9822,475.6978,43:29.9,
837.4669,464.376,43:29.9,
857.2178,460.3569,43:29.9,
836.5352,470.4001,43:29.9,
846.824,465.2056,43:29.9,
837.0802,477.3233,43:29.9,
839.4624,473.6123,43:30.0,
842.9655,483.4093,43:30.0,
847.8357,495.2572,43:30.0,
832.839,477.4229,43:30.0,
829.3834,484.5251,43:30.1,
842.3925,483.7368,43:30.1,
842.8917,476.916,43:30.1,
840.0524,489.1738,43:30.2,
848.3591,457.7543,43:30.2,
828.0404,484.0188,43:30.2,
639.4798,542.8264,43:30.2,
647.0691,563.3039,43:30.3,
626.6483,541.0469,43:30.3,
636.5083,543.5164,43:30.3,
631.4603,569.935,43:30.3,
626.549,567.3411,43:30.3,
616.3298,549.5082,43:30.4,
631.2198,554.2415,43:30.4,
641.1266,565.8459,43:30.4,
626.0072,573.5972,43:30.4,
618.7618,564.6984,43:30.4,
617.4099,539.1202,43:30.4,
622.9025,561.606,43:30.5,
633.5437,586.9899,43:30.5,
608.8392,579.9928,43:30.5,
626.2253,566.7952,43:30.5,
656.5731,565.0135,43:30.5,
847.5076,523.1602,43:30.6,
759.6678,527.9624,43:30.5,
814.5367,530.5059,43:30.6,
806.2967,533.757,43:30.6,
807.7843,531.9779,43:30.6,
824.5792,544.2609,43:30.6,
821.7002,535.3051,43:30.7,
824.5792,544.2609,43:30.7,
821.3146,512.8831,43:30.7,
820.7728,523.765,43:30.7,
819.5707,525.931,43:30.7,
812.4396,544.4239,43:30.7,
815.6884,539.1269,43:30.8,
811.5292,525.6578,43:30.8,
828.8179,531.2047,43:30.8,
830.9679,518.4698,43:30.8,
817.9799,524.8912,43:30.8,
807.6744,543.5841,43:30.8,
818.9338,518.6992,43:30.9,
822.7574,524.8865,43:31.0,
805.422,532.537,43:31.0,
824.8143,528.1606,43:31.1,
824.3792,521.9514,43:31.1,
945.2856,524.8649,43:31.4,
832.3208,508.4802,43:31.4,
834.9308,490.8262,43:31.5,
821.131,480.3424,43:31.6,
850.9714,513.6537,43:31.6,
851.5081,490.2372,43:31.6,
837.4539,487.9993,43:31.6,
819.7675,497.7992,43:31.6,
833.6477,499.1181,43:31.7,
840.1892,500.3131,43:31.7,
831.0258,494.1124,43:31.7,
834.3218,516.4518,43:31.7,
839.4819,503.4758,43:31.8,
830.3488,473.3141,43:31.8,
825.5007,486.5204,43:31.8,
844.2502,465.1881,43:31.9,
836.2018,517.3616,43:31.9,
830.7938,507.8678,43:31.9,
753.9205,468.6216,43:32.0,
783.1067,504.7825,43:32.0,
766.4817,484.6962,43:32.0,
744.1902,491.8909,43:32.0,
745.7125,501.4931,43:32.0,
747.099,483.0544,43:32.1,
749.6031,482.0513,43:32.1,
743.1144,496.8315,43:32.2,
763.9183,517.3716,43:32.2,
772.3176,667.5869,43:32.3,
697.7229,786.1653,43:32.3,
747.6116,831.1652,43:32.3,
739.9633,842.4395,43:32.4,
744.2161,822.1004,43:32.4,
737.9276,829.7958,43:32.4,
743.0626,557.9668,43:32.5,
743.2231,341.4943,43:32.5,
742.9821,315.3253,43:32.5,
746.375,282.3927,43:32.5,
735.5331,300.5829,43:32.6,
744.5996,290.7275,43:32.6,
730.9741,280.0791,43:32.7,
729.279,304.1291,43:32.8,
740.0215,278.7155,43:32.7,
723.4506,310.186,43:32.8,
735.8,294.3668,43:32.8,
752.6257,282.6985,43:32.9,
734.3729,277.5263,43:32.9,
732.1173,288.6541,43:32.9,
725.3127,311.2316,43:32.9,
581.2109,437.283,43:32.9,
489.0682,582.8467,43:33.0,
472.9916,668.9457,43:33.0,
462.8227,690.5055,43:33.0,
467.6049,659.9442,43:33.0,
460.1644,696.6813,43:33.0,
466.2094,686.2369,43:33.1,
461.304,702.0507,43:33.1,
492.8745,671.6371,43:33.1,
485.9915,687.9493,43:33.1,
474.5079,698.4954,43:33.2,
473.918,681.9539,43:33.2,
477.8663,639.7161,43:33.2,
459.7369,632.2473,43:33.2,
484.5779,631.0952,43:33.3,
489.2451,638.9051,43:33.4,
476.1383,629.7448,43:33.4,
497.6188,605.0255,43:33.4,
471.8703,651.6133,43:33.4,
477.3109,643.2226,43:33.4,
476.4177,639.4374,43:33.5,
470.3213,643.9523,43:33.5,
326.1199,456.4001,43:33.5,
348.3242,451.6787,43:33.5,
323.8669,483.6384,43:33.6,
347.087,497.8038,43:33.7,
339.6018,470.5519,43:33.7,
332.2062,474.6632,43:33.7,
264.1461,471.1562,43:33.7,
208.2523,420.3248,43:33.7,
173.0588,435.8978,43:33.8,
180.2939,419.2546,43:33.8,
183.6268,416.627,43:33.8,
188.1213,396.9848,43:33.8,
178.6345,437.827,43:33.9,
161.3177,415.5959,43:33.9,
167.1714,407.555,43:33.9,
188.7728,396.5117,43:34.0,
171.89,411.3269,43:34.0,
188.8005,438.5558,43:34.0,
179.1606,407.6595,43:34.0,
159.1658,406.9364,43:34.0,
177.9652,431.9988,43:34.0,
180.9922,434.9498,43:34.1,
172.9089,410.1642,43:34.1,
169.336,427.738,43:34.1,
168.3095,410.4078,43:34.1,
159.6616,404.7538,43:34.1,
168.3114,398.6109,43:34.2,
163.0049,386.6466,43:34.2,
185.3879,399.7133,43:34.2,
169.6968,407.0192,43:34.2,
336.0725,413.433,43:34.3,
684.4899,445.2915,43:34.3,
988.729,452.1234,43:34.3,
1195.501,482.7774,43:34.3,
1259.1514,473.9098,43:34.3,
1247.9956,495.0541,43:34.4,
1242.2006,486.4478,43:34.4,
1256.0947,497.8134,43:34.4,
1242.2006,486.4478,43:34.4,
1251.145,486.7645,43:34.4,
1256.8718,492.3679,43:34.4,
1260.1638,499.9898,43:34.5,
1274.9875,492.2284,43:34.5,
1265.7261,501.2476,43:34.6,
1259.9341,495.5237,43:34.6,
1264.4707,460.1611,43:34.6,
1248.6591,492.9598,43:34.6,
1252.6465,497.1743,43:34.6,
1250.2057,479.1733,43:34.7,
1255.4634,477.4993,43:34.7,
1255.6238,502.0686,43:34.7,
1269.2126,503.2616,43:34.7,
1263.1729,495.9927,43:34.7,
1258.6735,456.2212,43:34.8,
1259.1604,494.8752,43:34.8,
1432.8929,678.2128,43:34.8,
1397.5353,694.4958,43:34.9,
1397.437,702.3212,43:34.9,
1407.6824,707.628,43:34.9,
1407.302,715.5052,43:35.0,
1386.3794,715.6544,43:34.9,
1145.4744,731.2936,43:35.0,
823.9608,730.8774,43:35.0,
291.8417,723.7306,43:35.0,
286.7071,725.0327,43:35.0,
281.6466,738.0623,43:35.1,
281.6807,720.2808,43:35.1,
271.9886,727.7886,43:35.1,
273.0755,730.4315,43:35.1,
264.1794,725.3934,43:35.2,
277.0568,732.2063,43:35.2,
277.5263,725.9802,43:35.2,
274.8657,743.3474,43:35.2,
281.3288,706.8149,43:35.2,
246.8849,718.0258,43:35.3,
264.301,732.404,43:35.3,
614.6453,617.5858,43:35.4,
631.0627,592.9713,43:35.4,
638.29,591.5156,43:35.4,
692.5639,629.245,43:35.5,
1478.0028,614.9105,43:35.6,
1451.8656,631.1504,43:35.7,
1214.6663,601.2461,43:35.9,
1234.0378,602.2015,43:35.9,
1220.5175,596.0897,43:35.9,
1244.8552,592.6674,43:35.9,
1220.606,574.1715,43:36.0,
1208.4697,590.6946,43:36.0,
1221.9077,581.7411,43:36.0,
1213.1538,593.0407,43:36.0,
1200.8201,596.9297,43:36.1,
1128.6094,603.4646,43:36.1,
802.4412,644.46,43:36.1,
678.8643,659.7011,43:36.1,
697.1807,659.0649,43:36.1,
696.8041,655.4757,43:36.2,
670.8891,669.4454,43:36.2,
679.8563,636.8384,43:36.2,
688.6233,639.4696,43:36.2,
677.6394,646.2009,43:36.3,
661.8481,649.1514,43:36.3,
685.2457,640.547,43:36.3,
687.793,644.4078,43:36.3,
684.3102,648.3253,43:36.3,
709.1836,661.5874,43:36.4,
683.4606,654.2908,43:36.4,
693.4714,636.4604,43:36.4,
690.3567,640.5657,43:36.5,
700.2661,635.9924,43:36.5,
754.4846,598.3781,43:36.5,
776.8455,568.3853,43:36.5,
772.9614,568.7942,43:36.6,
786.8243,579.8011,43:36.6,
771.0129,565.7436,43:36.6,
751.5952,593.7328,43:36.7,
779.0319,573.9861,43:36.7,
759.5087,581.6962,43:36.7,
755.0253,556.6276,43:36.7,
765.0452,589.5446,43:36.8,
764.2411,558.0342,43:36.8,
773.9036,555.6533,43:36.8,
807.6477,281.5202,43:36.8,
796.4291,84.0542,43:36.9,
793.4315,113.3447,43:36.9,
786.6782,85.7135,43:36.9,
775.1382,116.0318,43:37.0,
779.7042,122.3002,43:37.0,
654.1066,393.0531,43:37.0,
565.8102,651.572,43:37.0,
519.999,689.6587,43:37.1,
510.3395,701.4695,43:37.1,
705.3406,726.013,43:37.1,
705.3406,726.013,43:37.1,
839.8769,661.2639,43:37.4,
818.0092,680.4552,43:37.6,
830.9987,695.3391,43:37.6,
813.5798,676.1832,43:37.6,
842.1119,662.6248,43:37.7,
829.2401,673.1992,43:37.8,
843.4501,676.8857,43:37.8,
717.889,663.6223,43:38.0,
704.8346,669.2992,43:38.0,
828.5469,685.1079,43:37.9,
730.3783,669.3419,43:38.0,
718.0879,684.6895,43:38.1,
698.8961,666.913,43:38.0,
708.3683,643.8784,43:38.1,
703.7032,688.6791,43:38.1,
722.8962,669.7263,43:38.1,
677.8091,633.2036,43:38.1,
650.0137,623.1016,43:38.2,
654.1954,633.8661,43:38.2,
659.1938,626.9935,43:38.2,
689.6483,615.0505,43:38.2,
714.041,597.1352,43:38.2,
688.4037,612.2607,43:38.3,
901.3228,759.1229,43:38.7,
910.0817,759.1755,43:38.7,
900.0142,733.9191,43:38.8,
773.6836,610.6157,43:38.8,
826.7128,564.9831,43:38.9,
802.1364,567.2241,43:38.9,
818.4462,584.2388,43:38.9,
801.7571,577.3646,43:39.0,
817.6911,553.8868,43:39.1,
702.3526,554.6965,43:39.1,
726.478,562.9919,43:39.1,
711.9946,573.8768,43:39.2,
913.2014,651.6748,43:39.3,
979.3704,601.8899,43:39.4,
824.4197,553.8148,43:39.5,
825.5137,557.005,43:39.5,
853.7765,561.6331,43:39.5,
832.6135,548.7322,43:39.6,
26.1285,881.7258,43:39.6,
27.6157,812.5881,43:39.6,
9.9615,409.2994,43:39.8,
814.67,386.0446,43:41.0,
768.363,252.7885,43:41.2,
806.8875,266.4248,43:41.2,
755.9518,280.503,43:41.3,
